title,video_type,duration_sec,view_count,like_count,comment_count,published_at,video_id
SixTONES【㊗️結成日緊急生配信‼️】めでたく結成11周年です！,Regular,4085.0,922967,45641,825,2026-05-01T13:13:05Z,U9Y2q53ykSg
SixTONES【東北・秋田・山形新幹線🚄全て覚えろ】オレたち記憶力は自信アリ…,Regular,1200.0,689446,34883,2032,2026-04-24T13:00:06Z,4C53PXa4kEk
SixTONES【自前パジャマでルームパーティー🎉】シンガポールの最終回,Regular,1429.0,1267530,53954,4354,2026-04-17T13:01:06Z,XyLBroxzjXU
SixTONES【最後の夜にご褒美メシinシンガポール】$300食べましょう!!,Regular,2832.0,1244725,41849,3510,2026-04-10T13:01:00Z,RW6XA-8k_AY
SixTONES【本気のお土産買いました】伝説の企画…ダンボール人狼inシンガポール,Regular,1663.0,1124611,41291,2177,2026-04-03T13:01:15Z,gjT-YvJV1ro
SixTONES【巨大フルーツ…その名はジャックフルーツ🥭】はじめてのおつかいinシンガポール,Regular,1217.0,931105,37410,1834,2026-03-27T13:00:46Z,Vt6SjZKaz9c
SixTONES【Universal Studios Singaporeを遊び尽くす！】完全プライベートでごめんなさい 笑,Regular,1744.0,1900275,59976,4352,2026-03-20T13:01:48Z,u8LPmw1Z8sk
SixTONES【シンガポールで美味ランチ】お値段当てなきゃ…🍴,Regular,1372.0,1232704,43297,2355,2026-03-13T14:00:16Z,AccdZfrLRK0
SixTONES – 17th Single「一秒 / Rebellion」nonSTop digeST,Regular,313.0,567879,36785,2363,2026-03-03T13:00:42Z,OzZmIuZ3dbw
SixTONES【ヤバい💦檻なし窓なし動物園】ナイトサファリで猛獣を激写inシンガポール,Regular,1140.0,923399,39132,3095,2026-02-27T13:01:39Z,sEEGhyfUbEU
SixTONES –「Rebellion」from LIVE TOUR 2026「MILESixTONES」LaLa arena TOKYO-BAY,Regular,150.0,2282756,65199,4928,2026-02-25T13:00:29Z,IBUAe3v9gjY
SixTONES –「一秒」from LIVE TOUR 2026「MILESixTONES」LaLa arena TOKYO-BAY,Regular,177.0,2003686,70901,4992,2026-02-24T13:00:38Z,IpJtFH90Qvc
SixTONES【フラワードームでかくれんぼ】過去最大規模!! in シンガポール,Regular,1200.0,1236996,46498,2902,2026-02-20T13:00:02Z,032HOE_iiZs
SixTONES – Rebellion [YouTube ver.],Regular,156.0,14052990,96759,17733,2026-02-13T13:00:07Z,MLPkxjD2J4k
SixTONES – 一秒 [YouTube ver.],Regular,176.0,12646650,110081,23133,2026-02-06T13:00:07Z,OxcDfA7PU-g
SixTONES【明日も来たい!!】絶品朝メシinシンガポール,Regular,1147.0,1691445,49869,3161,2026-01-30T13:00:17Z,BK4o1X5khKU
SixTONES【俺たちに絆はあるのか!?inシンガポール】6周年記念㊗️超大型企画,Regular,6433.0,3971545,91260,13090,2026-01-23T13:41:31Z,RtDfRvCiBEo
SixTONES【㊗️デビュー“6”周年‼️㊗️】本日デビュー6周年＆ベストアルバム「MILESixTONES -Best Tracks-」発売記念✨️,Regular,4887.0,1422034,77819,2377,2026-01-22T12:25:25Z,svCsQJJqkvQ
SixTONES – ベストアルバム「MILESixTONES -Best Tracks-」初回盤A・B Bonus Track digeST,Regular,395.0,462344,29446,1249,2026-01-17T12:00:54Z,Tgsd4Vn3ZUE
SixTONES【ガラケーで平成エモ体験】みんなも共感してるれる？…青春です😏,Regular,904.0,900364,47028,3385,2026-01-16T13:00:43Z,KR9X6RUIM64
SixTONES – Amazing!!!!!! MV Making & Dance Performance Only ver. digeST,Regular,180.0,335210,29191,838,2026-01-09T13:01:07Z,UuJPKpTArOo
SixTONES【新年早々…緊急生配信】6周年なんで特別な夜に✨,Regular,1990.0,1063637,48544,1729,2026-01-02T13:01:57Z,LdYrHO9RKjw
SixTONES【超大型生配信2025→26】大晦日…ほぼ12時間やります✨,Regular,42183.0,5520322,101061,2241,2025-12-31T17:19:40Z,OKw5YKFCug0
SixTONES –「こっから」from ロクオン！〜Xth anniversary〜,Regular,214.0,853956,34754,1103,2025-12-31T03:00:25Z,IQ_tEKUec60
"SixTONES – ベストアルバム「MILESixTONES -Best Tracks-」初回盤 B 収録特典映像 ロクオン！〜Xth anniversary〜digeST ",Regular,224.0,579386,36350,1636,2025-12-26T13:01:59Z,xRIB40XXxEA
SixTONES【🎄ダンボール人狼in Xmas🎁】ガチの私物でプレゼント交換しました！,Regular,1518.0,1981977,53243,3365,2025-12-19T13:00:18Z,9zupwAA2Ru0
SixTONES – ベストアルバム「MILESixTONES -Best Tracks-」Member-Produced Songs digeST,Regular,499.0,1248109,47274,4994,2025-12-17T13:00:19Z,B4YsRDXLLAU
SixTONES 京本大我ソロ【２人で回転寿司を食べ尽くせ】意外に大食いなんです!?,Regular,1646.0,784478,30844,2333,2025-12-16T13:01:45Z,qFU6GiVJksg
SixTONES 田中樹ソロ【相関図を巡る旅】ブチギレ氏原(fromうじとうえだ)が秘密暴露!?,Regular,1588.0,1087725,33405,1695,2025-12-15T13:01:10Z,XUveiH2Wlqc
SixTONES【京本大我ファッション改造計画】オレ…お洒落になる！,Regular,957.0,1861482,52168,3864,2025-12-12T13:00:45Z,KXxj01EWGQQ
SixTONES 京本大我ソロ【本気で泥団子を作る】なぜかもう中学生と一緒!?,Regular,1065.0,552848,34657,4000,2025-12-09T13:01:24Z,ghLxhcksWuY
【SixTONES 6周年企画】Live 映像を観て語り合おう⽣配信,Regular,3932.0,1431927,54682,1852,2025-12-06T12:26:09Z,RSHYV14Vbfs
SixTONES – Amazing!!!!!! [YouTube ver.],Regular,162.0,11202528,118732,23025,2025-12-05T13:01:56Z,ttEtolANrJk
SixTONES【正体をバラしちゃいます】６人の超能力をガチで見せます,Regular,1112.0,740517,35136,2289,2025-11-28T13:00:35Z,Dnxfyxm5HOM
SixTONES【俺たち芸術家】秋といえば…粘土で思い出をアートに🎨,Regular,815.0,685200,33022,2124,2025-11-21T13:00:31Z,A88dBbud3xo
SixTONES【サンマを食べ尽くせ！】勝手に最強レシピ選手権~第2弾,Regular,949.0,1006078,37673,2366,2025-11-14T13:02:07Z,x0oOitbmArw
SixTONES【ついに…SYP始動】本気でメンバーが企画考えた!!!!!!,Regular,3447.0,1662243,47093,3732,2025-11-07T12:00:06Z,DtoBPbg5OfA
SixTONES【もう秋だけど…俺たちの夏】スイカ割りで人狼!?,Regular,1023.0,848413,39838,3284,2025-10-31T13:01:09Z,Vpt8QbKjpp0
SixTONES – 「YOUNG OLD」LIVE DVD / Blu-ray 特典映像 digeST,Regular,422.0,348828,44018,736,2025-10-28T13:01:01Z,PFlqQJkb9S4
SixTONES –「Fiesta」from LIVE DVD/BD「YOUNG OLD」(2025.1.27 TOKYO DOME),Regular,309.0,1439331,36673,1776,2025-10-25T13:01:01Z,Rvb1L4i8Ggw
SixTONES【遅めの夏を満喫…流しそうめん】きょもの神技に疑惑が 笑,Regular,866.0,953840,39375,2623,2025-10-24T13:02:06Z,wLIcsSnsrvU
SixTONES –「Underline」from LIVE DVD/BD「YOUNG OLD」(2025.1.27 TOKYO DOME),Regular,259.0,1571328,43386,2852,2025-10-17T13:01:26Z,iI_RsSQ4dYo
SixTONES – 「YOUNG OLD」LIVE DVD / Blu-ray digeST,Regular,414.0,1744961,53410,3664,2025-10-14T13:00:55Z,PFdME-MqqTg
SixTONES –「こっから」from LIVE DVD/BD「YOUNG OLD」(2025.1.27 TOKYO DOME),Regular,124.0,1303900,35663,1260,2025-10-11T13:02:01Z,zc9wrhvkLNI
SixTONES 【初体験の宇宙食】「Stargaze」歌ってますから！,Regular,898.0,748377,32595,1609,2025-10-10T13:00:00Z,-FGWZ4S9GW4
SixTONES –「恋のバタリアン」from CANNONBALL 2025,Regular,360.0,1793260,55623,2457,2025-10-04T13:00:00Z,-Qp5Sf2uQDQ
SixTONES –「THE BALLERS」from LIVE DVD/BD「YOUNG OLD」(2025.1.27 TOKYO DOME),Regular,161.0,1915380,46503,2863,2025-10-03T13:00:58Z,NgypD6ZAYtw
SixTONES【3年ぶりの…伝説企画】と思っているのは我々だけ？身代わりかくれんぼ,Regular,928.0,935086,35809,1862,2025-09-26T13:00:40Z,HsMsJzy1h8A
SixTONES【夏だから…ピーマンを食べ尽くせ】勝手にピーマン最強レシピ選手権,Regular,794.0,1221237,40060,2188,2025-09-19T13:00:06Z,2wOlpYqPqsM
SixTONES【サマソニ直後に夏ドライブ🚗】色々語りたいタイミングなんだよね!?,Regular,693.0,950913,37346,2114,2025-09-12T13:01:10Z,YVD8G0PPM4o
SixTONES – Stargaze -Making×Lyric Video-,Regular,243.0,1003415,37700,2193,2025-09-11T13:00:55Z,RME5gMjcmug
SixTONES【海外お取り寄せシリーズ】うんち踏んじゃダメゲームに挑戦 笑笑,Regular,748.0,782145,35175,1930,2025-09-05T13:01:07Z,VypOy3ZcrHg
SixTONES【メンバー同士…シンクロして脱出せよ】謎解きゲームに挑戦！,Regular,1021.0,812056,32015,1843,2025-08-29T13:00:32Z,BUoLmQak9pE
SixTONES – SixTONES Solo Project 2025ver. digeST,Regular,543.0,244866,20304,751,2025-08-26T13:00:50Z,M6kqli5vMss
SixTONES【えまちゃんにみんなでプレゼント買う】誰のプレゼントが喜んでもらえるかな？,Regular,959.0,3254383,85701,5662,2025-08-22T13:00:04Z,akFc80ecpyA
SixTONES – 16th Single「Stargaze」nonSTop digeST,Regular,249.0,328377,23229,1106,2025-08-20T13:01:20Z,_eAZIVlZpEo
SixTONES【子育てVlog👨👩Cafe編】久しぶりに娘と遊んだよ,Regular,626.0,1588985,73375,5176,2025-08-19T13:10:00Z,I8-fMkNe004
SixTONES【結成10年の俺たちは…わかっちゃう】ボケツッコミはお見通し!!,Regular,1025.0,962134,35301,1521,2025-08-15T13:00:05Z,24_8rXO2aus
SixTONES【3年ぶりのストラジ！】 あの名物企画が帰ってきた!!,Regular,1057.0,992716,40986,2658,2025-08-08T13:01:24Z,d1am-aeewnw
SixTONES【イラストダービー】ジェシー画伯の才能が開花する!?,Regular,1367.0,1472112,42993,3861,2025-08-01T13:02:45Z,fiFRh-_GIq8
SixTONES – No Cap (Juri Tanaka) [YouTube ver.],Regular,92.0,849023,37244,4270,2025-07-31T13:00:14Z,jTsWAAlraCM
SixTONES – Life is... (Shintaro Morimoto) [YouTube ver.],Regular,103.0,613896,29478,2617,2025-07-31T13:00:09Z,1-0jkeeaPfw
SixTONES – Night rider (Taiga Kyomoto) [YouTube ver.],Regular,107.0,2163740,49129,6738,2025-07-31T13:00:01Z,YOggESVhMdw
SixTONES – 虹、僕 (Jesse) [YouTube ver.],Regular,116.0,711406,29036,3361,2025-07-29T13:00:14Z,XdQSjOvEwGI
SixTONES – にたものどうし (Yugo Kochi) [YouTube ver.],Regular,121.0,2125398,46667,8893,2025-07-29T13:00:08Z,mW2hsVQhuG0
SixTONES – 憧憬のアーチ (Hokuto Matsumura) [YouTube ver.],Regular,112.0,992769,37025,6560,2025-07-29T13:00:04Z,TMXZRER-BCQ
SixTONES – Stargaze [YouTube ver.],Regular,179.0,6996160,62089,9455,2025-07-25T13:00:06Z,F_5K9hT1sPU
SixTONES【Golden SixTONESの裏側】全部見せます！,Regular,569.0,892286,42581,1937,2025-07-18T13:00:38Z,HXjEQN4KVeA
SixTONES【緊急で動画回してます！】番組ボツ企画を救済してみた🌟,Regular,1131.0,1166550,44035,2341,2025-07-11T13:00:15Z,7rKhfMN8V4I
SixTONES【青ジャージで激闘編】最強のボンバーマンは誰だ!?,Regular,673.0,913517,40645,2367,2025-07-04T13:01:38Z,lB2WIUpAuuk
SixTONES【青ジャージで激走編】本気で最速男は誰だ!?,Regular,867.0,1046450,37772,1768,2025-06-27T13:01:59Z,z8_j28Kjpec
SixTONES【青ジャージで遊び尽くす!!】みんなで跳ねまくりでハシャギまくり🎵,Regular,715.0,1052207,42046,2068,2025-06-20T13:01:14Z,bFN66qm37J0
SixTONES【ラストは…田中樹の相関図】とんでもない交友関係が明らかに!?,Regular,995.0,1810912,49212,2641,2025-06-13T13:01:00Z,QgBkUAsWZ3Q
SixTONES【２年ぶりの９マス鬼ごっこ】ゲストを呼びます!!??,Regular,1082.0,1827668,60455,5413,2025-06-06T13:00:58Z,R7xPRQ8D_hA
SixTONES – Documentary of “GOLD” digeST,Regular,342.0,334893,25009,846,2025-06-05T12:01:19Z,eilpK4GYWus
SixTONES – BOYZ -Dance Performance Only ver.-,Regular,147.0,1429110,38787,1929,2025-06-02T13:00:38Z,LumkzHMWWwo
SixTONES【都市伝説ダウトーク】芝居上手は誰!?,Regular,885.0,696683,32867,1196,2025-05-30T13:00:05Z,3FILdQxqlWw
SixTONES – 15th Single「BOYZ」nonSTop digeST,Regular,459.0,566864,32395,2528,2025-05-27T13:01:16Z,mzbrWhWXGzw
SixTONES【北斗持ち込み緊急企画】ジェシーへのベストアンサーは何？,Regular,922.0,1163993,45030,2962,2025-05-23T13:00:41Z,KvETxjATRJI
SixTONES【AIさん、俺たちどうすればいいですか？】 Chat GPTが考えたタイトル…後編,Regular,1010.0,851732,37774,1964,2025-05-16T13:00:28Z,IxEhK30IwGE
SixTONES – サブスク配信解禁90秒SPOT,Regular,91.0,293650,29282,890,2025-05-16T03:00:55Z,twPR8E03tvE
SixTONES【今更だけど…AIに聞いてみた】爆笑企画ちょうだい!!,Regular,1205.0,1605451,49298,3184,2025-05-09T13:00:59Z,TbwrCeSv2CI
SixTONES【髙地優吾の休日~第4弾~】小田中西でゴルフドライブトーク!!!,Regular,1534.0,435139,23462,1856,2025-05-06T13:00:55Z,VVLhflPz9yo
SixTONES – BOYZ [YouTube ver.],Regular,146.0,10278070,94569,14033,2025-05-02T13:00:08Z,jUUmJCXtFl0
SixTONES【みんなでメガネ買ってみた】プレゼント交換会形式で👓,Regular,1108.0,1497620,44752,2702,2025-04-25T13:01:22Z,iGdL-GyCcqE
SixTONES【撮れたてほやほや🎵】YOUNG OLD５大ドームツアー打上げ！,Regular,1639.0,2142876,51078,4395,2025-04-18T13:00:19Z,CcwwsKelz6M
SixTONES【桜咲く季節に…忘年会】2024年の締めくくりです 笑,Regular,1036.0,1494318,46299,2828,2025-04-11T13:01:26Z,nPERYL83TWE
SixTONES【お告げに従い…開運の旅2025~最終話】江の島の海鮮を食べ尽くす!?,Regular,883.0,2055216,47637,3036,2025-04-04T13:00:21Z,EhYbUENdLKE
SixTONES【髙地の誕生日ケーキ作ってみた🍰】６人でお祝いして大盛り上がり🎉,Regular,1734.0,1357027,56041,4895,2025-04-02T12:01:15Z,lNczpvUJae0
SixTONES【お告げに従い…開運の旅2025~第3話】江島神社でお参り🙏＆おみくじ,Regular,773.0,1012927,39055,2637,2025-03-28T13:00:35Z,Mwvf_mnhGhQ
SixTONES【お告げに従い…開運の旅2025~第2話】車内で歌詞イントロクイズ♬,Regular,669.0,1270393,41200,1624,2025-03-21T13:00:16Z,62UfTlCS8-I
SixTONES –「Call me」from MTV Unplugged: SixTONES,Regular,206.0,3695089,68698,4154,2025-03-18T13:00:07Z,3dky0VRhY8A
SixTONES – バリア -Museum Dance Performance Only ver.-,Regular,190.0,2545728,45257,1710,2025-03-17T14:40:07Z,8H2iLF51T50
SixTONES【お告げに従い…開運の旅2025~第1話】江の島に向かってます🚗,Regular,893.0,1455003,46855,2350,2025-03-14T11:01:27Z,zd2CS5S5wrQ
SixTONES –「Strawberry Breakfast」from MTV Unplugged: SixTONES,Regular,279.0,3700533,73012,4989,2025-03-07T13:00:03Z,2gzYwx46SyA
SixTONES【一番乗ってるやつは誰だ!?】2025年を占ってもらおう🔮後編,Regular,828.0,914390,38140,1926,2025-02-28T11:00:22Z,JkPQ7FFCfNI
SixTONES – 14th Single「バリア」nonSTop digeST,Regular,462.0,1034758,40486,2532,2025-02-25T13:00:23Z,I0lZVM5_ojY
SixTONES –「バリア」from 「YOUNG OLD」2025.02.22 KYOCERA DOME OSAKA,Regular,195.0,8310408,99275,8153,2025-02-24T13:00:54Z,gW8YzvIB7co
SixTONES【一番乗ってるやつは誰だ!?】2025年を占ってもらおう🔮前編,Regular,982.0,1090413,41448,2645,2025-02-21T13:00:48Z,Z0hxqhUeu4o
SixTONES – バリア [YouTube ver.],Regular,189.0,22159210,153681,22004,2025-02-14T13:00:06Z,5g6E_UY5G88
SixTONES【メンバーセレクトの最強酒のあて】それぞれのこだわりが…,Regular,1137.0,2162971,49386,3715,2025-02-07T13:01:21Z,vQg4QDvrZr4
SixTONES 田中樹ソロ【髪を染めて切る】ドーム直前の1日,Regular,944.0,1187593,45387,3094,2025-02-04T13:00:17Z,CqSeaOFvP6A
SixTONES【早押しイントロクイズ】CDデビューから５周年記念企画！,Regular,1130.0,1914405,54473,3136,2025-01-31T13:00:19Z,Is0IYkfXDos
SixTONES【６人念願の朝ラー】並んで食べるって久々じゃね？🍜,Regular,513.0,1512089,46443,1815,2025-01-24T13:00:32Z,HDBtAkYKNM4
SixTONES【朝ドラで目指せラーメン🍜】念願の朝メシを食おうよ!?,Regular,626.0,1233285,43074,1904,2025-01-17T13:00:51Z,WhEuRqG4Hb8
SixTONES【年越し生配信アフタートーク】さらに盛り上がっちゃいました🎍,Regular,720.0,891934,41485,1996,2025-01-03T13:00:04Z,0yyKcb55Ips
SixTONES年越し生配信2024→25,Regular,3834.0,2198124,62161,1764,2024-12-31T15:55:55Z,DGGXPlml3_E
SixTONES 田中樹ソロ【髪を切る】美容院での1日,Regular,625.0,980906,51914,3608,2024-12-31T07:00:02Z,1LCyBYIex7U
SixTONES –「GONG」from 5th Album「GOLD」(「Talking Rock! FES.2024」2024.07.06),Regular,180.0,2027311,42770,1874,2024-12-30T13:12:35Z,hzYTnMogIM4
SixTONES【ポケモンセンターできょもの誕プレ選び】爆上がりの神回!?,Regular,1118.0,2584808,58583,2612,2024-12-27T13:01:12Z,uEgar-cPtkQ
SixTONES【きょもの誕生日ケーキ作ってみた🍰】６人でお祝いして大盛り上がり🎉,Regular,1020.0,1604050,56081,2681,2024-12-24T13:00:58Z,m16l4vG68hs
SixTONES – 5th Album「GOLD」nonSTop digeST,Regular,733.0,1866612,46331,3611,2024-12-23T12:00:48Z,cQtwBbrA5fo
SixTONES【松村北斗の相関図】も書いてみたら…やっぱり凄かった,Regular,914.0,2325913,55020,2341,2024-12-20T13:00:40Z,Tz0JSOf6bXs
SixTONES – 5thアルバム「GOLD」初回盤B収録ユニット曲digeST,Regular,277.0,1575125,52032,4365,2024-12-18T13:01:06Z,nVZhuhszapQ
SixTONES【青ジャージで『運』動会】全ては「運」…絶叫ガチバトル！,Regular,1033.0,1500696,45176,2896,2024-12-13T13:00:41Z,W-EeL-kmrz0
SixTONES 髙地優吾ソロ【リアルな休日】プライベートなお泊まりキャンプ,Regular,530.0,670571,33663,2664,2024-12-10T13:00:00Z,015YrmJ8tGs
SixTONES – THE BALLERS [YouTube ver.],Regular,172.0,12303156,91103,12653,2024-12-06T13:00:41Z,WDBZv-wbuYo
SixTONES【青ジャージとふぉ〜ゆ〜】海外お取り寄せシリーズでガチバトルw,Regular,836.0,838374,36382,1761,2024-11-29T13:01:12Z,u4C1qkBII4w
SixTONES【無限シリーズ~焼き鳥】オレたち…永遠に食える！,Regular,1348.0,5000931,69053,3459,2024-11-22T13:00:02Z,0dnJrRmFRXo
SixTONES【金木犀を激写せよ📷~完結編】街で小さい秋を見つけました🍂,Regular,884.0,760035,32110,1581,2024-11-15T13:00:41Z,Uy1Yil78dHY
SixTONES【金木犀を激写せよ📷】これってマンゴーの木？,Regular,928.0,1071416,37935,2717,2024-11-08T13:01:15Z,yYL-IAPBbLA
SixTONES【６つのキャラに仕分けせよ】ある意味…キャラクター図鑑www,Regular,1025.0,1992582,49623,3097,2024-11-01T13:00:23Z,MmBd29ZVKA8
SixTONES【フォトパーティ❗️】お題の写真を撮れ📷,Regular,837.0,1034966,39107,1788,2024-10-25T13:00:36Z,TAVNjE9j2lU
SixTONES【利き枝豆🫛】微妙に味が違うんです💦,Regular,899.0,995686,35075,1520,2024-10-18T13:00:54Z,j0j2Hak2qr8
SixTONES –「DRAMA」from LIVE DVD/BD「VVS」(2024.4.22 TOKYO DOME),Regular,194.0,6777108,69732,5319,2024-10-12T11:00:41Z,i1vFBbG_4mQ
SixTONES【最強トースト選手権】一番美味いトーストはどれだ!?,Regular,1170.0,3036345,58814,3725,2024-10-11T13:00:40Z,XWTSbJZHJnY
SixTONES –「WHIP THAT」from LIVE DVD/BD「VVS」(「ごぶごぶフェスティバル2024」2024.05.12),Regular,189.0,2467818,46357,1784,2024-10-05T11:00:17Z,IxxcTcHO2Z8
SixTONES【アポなし旅 2024夏～FINAL～】宇都宮餃子を無限に食べ尽くす🥟,Regular,925.0,2128103,50630,2792,2024-10-04T13:01:09Z,x5HEM3P6U98
SixTONES –「Something from Nothing」from LIVE DVD/BD「VVS」(2024.4.22 TOKYO DOME),Regular,210.0,2395299,40025,2165,2024-09-28T11:00:46Z,dxHXwv4OYwY
SixTONES【アポなし旅 2024夏～06～】緊急買い物で古着コーデ!!,Regular,971.0,1708173,51037,2810,2024-09-27T13:00:04Z,3hIVFypvRVE
SixTONES – 「VVS」LIVE DVD / Blu-ray 特典映像 digeST,Regular,527.0,640949,32243,1230,2024-09-25T13:00:02Z,25HS49HEOq8
SixTONES –「Bang Bang Bangin’」from LIVE DVD/BD「VVS」(2024.4.22 TOKYO DOME),Regular,184.0,4853316,54262,2822,2024-09-21T11:00:54Z,p2SMuv3bbSc
SixTONES【アポなし旅 2024夏～05～】爆笑ドライブに絶品SAグルメ！,Regular,897.0,1960348,51809,2596,2024-09-20T13:08:38Z,YaXa9d2okDE
SixTONES – 「VVS」LIVE DVD / Blu-ray digeST,Regular,541.0,1651815,50507,2521,2024-09-18T13:00:23Z,KTYgAaipdwk
SixTONES【子育てVlog👨👩】娘と共に原宿へ行ってきたよねぇ❓🍭,Regular,1125.0,4581137,134965,7715,2024-09-17T10:00:07Z,AgJvfUzgmUk
SixTONES –「こっから」from LIVE DVD/BD「VVS」(2024.4.22 TOKYO DOME),Regular,284.0,5510052,78121,4399,2024-09-14T11:00:59Z,re6Bj0PLZw8
SixTONES【アポなし旅 2024夏～04～】大雨の動物園でレア体験!?,Regular,819.0,1291819,43345,2002,2024-09-13T13:00:10Z,4wT4zdTlzlg
SixTONES【アポなし旅 2024夏～03～】雨の遊園地で大ハシャギ!!,Regular,909.0,1852271,51018,2972,2024-09-06T13:00:55Z,mSqaFybgRpI
SixTONES【アポなし旅 2024夏〜02〜】動物公園まで雨天ドライブは…台本に忠実!?,Regular,875.0,1775581,50028,2524,2024-08-30T13:00:28Z,NhIg5IOkEnY
SixTONES【アポなし旅 2024夏～01～】列車の旅で駅弁食べた,Regular,925.0,2059846,54355,3141,2024-08-23T13:00:07Z,3_cm61ZXb2E
SixTONES【わんこ小籠包100皿食い尽くせ】これは無限に食える！,Regular,1165.0,4352725,69546,4302,2024-08-16T13:00:57Z,u5IbOEy-HqA
SixTONES【きょも熱望企画…食品サンプル】こんなに盛り上がってくれるとは...うれしい！from 京本大我,Regular,1026.0,1759562,51948,1974,2024-08-09T13:00:12Z,8fj0f2D4i8M
SixTONES【㊗️無印良品で誕プレを買う】誰が買ったプレゼントか当てましょう,Regular,1023.0,2665209,53741,2341,2024-08-02T13:00:12Z,BDrg49zRR3Y
SixTONES【宝箱開けるなドッキリ】俺たちに絆あるのか~検証企画,Regular,1176.0,1684417,51559,3457,2024-07-26T13:00:09Z,4PyVaBNXW1U
SixTONES【㊗️松村北斗ハピバ】今回こそは誕プレ当ててみせます🎁,Regular,1052.0,2516436,57667,2008,2024-07-19T13:00:11Z,B6eOWw_cFDs
SixTONES – GONG -Dance Performance Only ver.-,Regular,180.0,1540929,43781,1648,2024-07-12T13:00:50Z,mmLeVEzFnlg
SixTONES【㊗️PLAZAで誕プレを買う】ジェシーの誕プレをガチで買う🎁,Regular,1184.0,2473921,53920,2353,2024-07-05T13:00:25Z,StcasJPqMB0
SixTONES【メンバーのためにガチでケーキ作ってみた🎁】我ながら最高の出来栄え🎂,Regular,1002.0,1269531,59620,3354,2024-07-02T13:09:12Z,UC5ZVgVq98M
SixTONES【㊗️コストコで誕プレを買う】誰が買ったプレゼントか当てましょう🎉,Regular,1001.0,2498801,59976,2230,2024-06-28T13:00:51Z,ftx0iaJrJoc
SixTONES【車内変顔選手権】緊急クイズ大会開催!?,Regular,627.0,1260185,49929,2323,2024-06-21T13:00:52Z,wK3yXlqOI9o
SixTONES【大泉洋(銀幕スター)がやって来た】北斗憧れの超ビッグゲスト登場！,Regular,1546.0,2004084,69624,3836,2024-06-18T13:00:34Z,bJtuJ2-z_v0
SixTONES – 13th Single「GONG/ここに帰ってきて」nonSTop digeST,Regular,309.0,870996,37949,1739,2024-06-15T09:00:11Z,ImPkJ6uQw1w
SixTONES【モーニングは弁当？】最強MCジェシーが回す〜🚗,Regular,972.0,2085603,54048,2590,2024-06-14T13:00:24Z,TPb_uad5N5c
SixTONES【モーニングドライブ】朝メシは麺に限る!?,Regular,648.0,1954882,57825,2685,2024-06-07T13:01:04Z,zuRhng-qgso
SixTONES – GONG [YouTube ver.],Regular,190.0,16482818,108581,15299,2024-05-31T13:00:08Z,Zaij5ULZf9E
SixTONES【豚骨を８時間煮込んで作った究極のラーメン🍜】史上最高の一杯が完成!!,Regular,1201.0,2725583,63623,3974,2024-05-24T13:00:46Z,fjljPstbzAw
SixTONES【イチから豚骨ラーメン作ります🍜】こんなに楽しい企画はなかった!!,Regular,1171.0,3548154,70269,3956,2024-05-17T13:00:33Z,VzxacELl_HE
SixTONES – ここに帰ってきて [YouTube ver.],Regular,175.0,15235179,104134,13978,2024-05-10T13:00:12Z,G8oY6pC0kgA
SixTONES 髙地優吾ソロ【リアルな休日をお見せします】て言ってもゴルフだけどね⛳️,Regular,854.0,737479,42459,3985,2024-05-06T11:00:10Z,FwVpKp8aTy4
SixTONES【『VVS』福岡公演のMCチラ見せ,Regular,241.0,718460,54541,2366,2024-05-04T10:00:41Z,oLv7Xm9hm0o
SixTONES – 音色 -360度カメラで一発撮りバージョン-,Regular,256.0,2815464,72985,5903,2024-05-03T13:00:10Z,E2x49wnt_7c
SixTONES【㊗️９周年緊急生配信‼️】結成９周年＆12thシングル「音色」発売記念✨,Regular,3155.0,1594488,66754,2000,2024-05-01T15:33:31Z,c2X5YKuNSyE
SixTONES【ドーム公演の裏側話しちゃいます】波乱の打ち上げ...ありのまま！,Regular,1927.0,4835140,85523,7782,2024-04-26T13:00:01Z,1enHsuNGPMQ
SixTONES ジェシーソロ【せいやとメシ会】まったりプライベートトーク,Regular,912.0,971173,36571,1472,2024-04-23T12:30:16Z,Ssamk6Xf-gM
SixTONES – 音色 - Making & Lyric Video -,Regular,208.0,1738157,61101,3376,2024-04-23T12:00:28Z,Jfi9UMYpebU
SixTONES【初体験のホットヨガ】朝活ってサイコー！,Regular,856.0,1913323,58025,2670,2024-04-19T13:00:54Z,xH-vLxJkklw
SixTONES – 12th Single「音色」nonSTop digeST,Regular,370.0,942156,49600,2531,2024-04-16T13:00:04Z,69ZVADFDeFg
SixTONES【これがプライベートなドライブ】やることないから…歌詞当てゲーム🎵,Regular,910.0,2582732,64636,3485,2024-04-12T13:06:04Z,AYvSff0HlZ4
SixTONES – 音色 [YouTube ver.],Regular,206.0,17955955,127542,20129,2024-04-05T11:00:07Z,pXtP_U1NHhc
SixTONES【髙地優吾…年齢非公開になります】真相を語るプレゼント会,Regular,954.0,1896795,53644,2646,2024-03-29T13:00:23Z,T7kC5HuuxzA
SixTONES【俺たちに絆はあるのか!?in三鷹吉祥寺】ストチューブ史上最長の問題感動作!!,Regular,3151.0,7585685,120406,15692,2024-03-22T13:39:44Z,y_EOgELSm3U
SixTONES【水族館で２Sを激写せよ📸】ペンギン・オットセイと２S写真を撮る🐧,Regular,1042.0,1547737,53538,3173,2024-03-15T13:00:10Z,B1qD-p_XHsU
SixTONES【こーち熱望！】ペットボトルキャップ野球やってみたら誰も予想できない展開に…！,Regular,1017.0,1409340,51883,2349,2024-03-08T13:00:36Z,dDaxPb1yNnk
SixTONES【黒幕バレーボール】大人気シリーズ「海外お取り寄せ第10弾」は青ジャージで挑戦!!,Regular,938.0,1892132,55556,2272,2024-03-01T13:00:25Z,Y9PulLXt7yg
SixTONES【青春シリーズ！人狼鬼ごっこ】お前たち…騙したなぁ🤪,Regular,1130.0,3356060,78798,4810,2024-02-23T13:00:51Z,kaCvcAGnYBM
SixTONES【VVS(ドームツアー）２日目】終わったばかり...髙地撮影✨,Regular,96.0,807333,58667,2089,2024-02-18T12:25:21Z,mDOrYnfmBiQ
SixTONES【八王子ラーメンを食べまくる】バクバクモグモグ動画です🍜,Regular,644.0,1784825,53134,2401,2024-02-16T13:00:02Z,3QQBHdy3Apg
SixTONES【牛を激写せよ完結編】今回は…撮れ高満点ですwww,Regular,1465.0,1888755,51770,2554,2024-02-09T13:26:47Z,COcVMVOIxrA
SixTONES【激写シリーズ第３弾】都内で牛を見つけることが出来るか!?🐮-前編-,Regular,1269.0,2224421,51266,2599,2024-02-02T13:00:51Z,tKpr8pU8lic
SixTONES【メンバー念願の…駐車場で1本撮ってみたw】Lil かんさいも来たしね✨,Regular,965.0,1741820,58986,2444,2024-01-26T13:00:17Z,CSG9_aPSZjg
SixTONES【ガチリアルな忘年会】念願の小籠包でメシ会,Regular,1027.0,2843953,65676,3157,2024-01-19T13:00:37Z,fflp-PypyQg
SixTONES【新境地!?モノボケ選手権】限りなくユルくカオスな空間www,Regular,717.0,1278697,51332,2266,2024-01-12T13:00:07Z,6NsBNty6o3s
SixTONES – 君がいない [YouTube ver.],Regular,165.0,6603219,96098,5908,2024-01-09T13:00:01Z,1AbqbgBsGjI
SixTONES【年越し緊急生配信!!】２０２３🐰→２０２４🐲,Regular,4059.0,2923226,0,2025,2023-12-31T15:39:05Z,RhaYn21CgKk
SixTONES – Only Holy,Regular,224.0,5925665,0,10601,2023-12-31T10:30:00Z,0NQrDYCooiU
SixTONES【餅つきミュージカル】年越し前に餅つきして食べたら…サイコーだったw,Regular,1070.0,2833269,0,3368,2023-12-29T13:00:45Z,ufGexkFHG7c
SixTONES – アンセム -Live Performance Only ver.-,Regular,174.0,2977290,0,2153,2023-12-26T13:00:41Z,mo5vuTvv2d4
SixTONES【青ジャージで挑む】超至近距離ドッジボール🏀,Regular,887.0,2689607,0,3814,2023-12-22T13:00:03Z,194RyrErwo8
SixTONES【ドローンゲームでカオス】海外お取り寄せシリーズで笑いが止まらん,Regular,902.0,1943336,0,4269,2023-12-15T13:12:22Z,jYwtCzXzM8g
SixTONES – 4th Album「THE VIBES」nonSTop digeST,Regular,759.0,2127779,0,3805,2023-12-12T13:00:12Z,znZtCw9Y6qA
SixTONES – 4th Album「THE VIBES」初回盤B収録ユニット曲digeST,Regular,269.0,2187043,0,5073,2023-12-08T13:00:10Z,CuPNJ9BCnl0
SixTONES – アンセム [YouTube ver.],Regular,174.0,19151129,0,14261,2023-12-01T13:00:08Z,5k04QkJiGt8
SixTONES【帰ってきたアポなし旅~最終話~】ただメシ食って…温泉入る♨️,Regular,933.0,2409769,0,2939,2023-11-24T13:02:07Z,iL3LjxeRpX4
SixTONES【帰ってきたアポなし旅~05~】伊香保温泉を散策して…ただ遊ぶ,Regular,954.0,2491456,0,2724,2023-11-17T13:00:28Z,X0ZJFZNRFFo
SixTONES【帰ってきたアポなし旅~04~】遊園地でただ遊ぶ6人の男たち…,Regular,731.0,3194465,0,3269,2023-11-10T13:00:23Z,Ki7xYgY7Lxk
SixTONES –「Waves Crash」from LIVE DVD/BD「慣声の法則 in DOME」(2023.4.23 TOKYO DOME),Regular,164.0,9217031,0,4128,2023-11-03T13:00:25Z,UEkaV4B-SWM
SixTONES –「STAMP IT」from LIVE DVD/BD「慣声の法則 in DOME」(2023.1.7 YOKOHAMA ARENA),Regular,233.0,5504328,0,3422,2023-10-31T13:00:32Z,WUgVbVEDJoI
SixTONES –「Drive」from LIVE DVD/BD「慣声の法則 in DOME」(2023.4.23 TOKYO DOME),Regular,214.0,2847762,0,2534,2023-10-27T13:00:48Z,nGP1qkItE2E
SixTONES【本格始動！京本会】色々あって緊急で動画回してますけど…2/2,Regular,1117.0,1139291,0,2199,2023-10-26T13:00:34Z,Z3VYctb_6uo
SixTONES –「ABARERO」from LIVE DVD/BD「慣声の法則 in DOME」(2023.4.23 TOKYO DOME),Regular,234.0,5127190,0,3252,2023-10-24T13:00:19Z,QQtAhXTlEeg
SixTONES【帰ってきたアポなし旅~03~】松兄・大倉くん・キンプリ海人・こじけん・有岡くん…あざす☎️,Regular,935.0,2527867,0,4041,2023-10-20T13:00:36Z,9dXWzwCJKPU
SixTONES – 「慣声の法則 in DOME」LIVE DVD / Blu-ray 特典映像 digeST,Regular,392.0,986625,0,2006,2023-10-17T13:00:21Z,UgOKP3ECmQE
SixTONES【帰ってきたアポなし旅~02~】ドライブ中は…通常運転のカオス 笑,Regular,943.0,3086416,0,5185,2023-10-13T13:00:42Z,l6h9YDjSyRU
SixTONES – 「慣声の法則 in DOME」LIVE DVD / Blu-ray digeST,Regular,521.0,2817966,0,4812,2023-10-10T13:00:38Z,h6JIEfbQvjw
SixTONES【帰ってきたアポなし旅~01~】朝メシはパン？白飯？,Regular,798.0,3409252,0,4967,2023-10-06T13:00:21Z,TvDS06awArE
SixTONES –「Outrageous」from LIVE DVD/BD「慣声の法則 in DOME」(2023.4.23 TOKYO DOME),Regular,219.0,8872688,0,8378,2023-09-29T13:00:08Z,D42-kbnwuLc
SixTONES【最強剣士ジェシー現る!!】気配斬りで神回じゃない!?,Regular,1025.0,3625782,0,4462,2023-09-22T13:00:01Z,aNJ32XXcViU
SixTONES【そば大食い企画】ジェシーが熱望…わんこそば全員で666杯食べろ!!,Regular,1086.0,5496556,0,5440,2023-09-16T02:00:10Z,Ya8aKNX5vOs
SixTONES – Love is... (森本慎太郎) [PLAYLIST Day.10 Stage: Green],Regular,214.0,2606815,0,4328,2023-09-12T13:00:08Z,vG0G0FI_dNU
SixTONES – ガラス花 (松村北斗) [PLAYLIST Day.10 Stage: Black],Regular,382.0,3369171,0,6175,2023-09-12T13:00:02Z,fNMqgAizLq4
SixTONES – MUSIC IN ME (髙地優吾) [PLAYLIST Day.10 Stage: Yellow],Regular,223.0,3149950,0,8598,2023-09-10T13:00:05Z,X_KUuNWlUYw
SixTONES – We can’t go back (京本大我) [PLAYLIST Day.10 Stage: Pink],Regular,306.0,4699083,0,9026,2023-09-10T13:00:02Z,GGZYPc4YZLE
SixTONES - Sorry (田中樹) [PLAYLIST Day.10 Stage: Blue],Regular,195.0,3100690,0,5250,2023-09-08T13:00:09Z,OiJ_d68SxNE
SixTONES - Never Ending Love (ジェシー) [PLAYLIST Day.10 Stage: Red],Regular,307.0,2275828,0,6281,2023-09-08T13:00:01Z,CCB5wZ1UygY
SixTONES – こっから -Old School Breakin’ Remix- DJ × Dancer × VJ Performance Movie,Regular,243.0,654295,0,1205,2023-09-05T13:00:13Z,LkP5f1MqUg8
【SixTONES】斧投げまくってストレス発散!!,Regular,954.0,1582559,0,2397,2023-09-01T13:00:45Z,p0NSYYgfXm0
SixTONES – CREAK -Dance Performance Only ver.-,Regular,250.0,10943868,0,5154,2023-08-25T13:00:39Z,jFxKdVyVKeY
SixTONES – CREAK nonSTop digeST,Regular,432.0,752132,0,1990,2023-08-22T13:00:20Z,UuS7Q_Ma1V8
【SixTONES】数百倍上回るサプライズ！ハリーポッタースタジオツアー東京は凄すぎ!!,Regular,1263.0,1553918,0,2452,2023-08-21T13:00:47Z,poKChKTWcKw
【SixTONES】念願のハリーポッタースタジオツアー東京へ!!,Regular,943.0,1585811,0,3224,2023-08-18T13:00:52Z,vVOawr6Gwlw
SixTONES – Sorry (Juri Tanaka) [1 minute teaser],Regular,66.0,404951,0,1031,2023-08-17T13:00:26Z,f_LF59mRYs8
SixTONES – Love is... (Shintaro Morimoto) [1 minute teaser],Regular,66.0,413148,0,1456,2023-08-16T13:00:05Z,areGDROdjpw
SixTONES – We can’t go back (Taiga Kyomoto) [1 minute teaser],Regular,66.0,531310,0,1300,2023-08-15T13:00:15Z,NJ90Bwknci0
SixTONES – Never Ending Love (Jesse) [1 minute teaser],Regular,66.0,475921,0,1199,2023-08-14T13:00:17Z,QlBj86xm_ZA
SixTONES – MUSIC IN ME (Yugo Kochi) [1 minute teaser],Regular,66.0,533873,0,1751,2023-08-13T13:00:10Z,AXLyC2W1mms
SixTONES – ガラス花 (Hokuto Matsumura) [1 minute teaser],Regular,66.0,680970,0,1534,2023-08-12T13:00:20Z,EoO0Gi64QZ4
【SixTONES】北欧家具ならこれが欲しい〜買い物しりとりは楽しすぎ!!,Regular,1061.0,2375814,0,2385,2023-08-11T13:00:40Z,h6vDwbh-mAg
SixTONES – CREAK [YouTube ver.],Regular,184.0,29668733,0,21419,2023-08-04T13:00:09Z,_vzFjFvy2to
【SixTONES】緊急で動画回してますwおいしいパン屋さんを探して,Regular,588.0,2545351,0,3306,2023-07-28T13:00:14Z,EX93VXsmLsI
【SixTONES】ラッセーラ〜ラッセーラ♬踊りまくった🕺,Regular,973.0,2975238,0,4652,2023-07-21T13:00:19Z,CzwIXcHIHVM
SixTONES – Good Luck! -情熱ブラスバンドver.-,Regular,145.0,486515,0,1550,2023-07-18T13:00:41Z,nsnAjPA9oHM
【SixTONES】全米で大ヒットおもちゃで遊んでみた!!,Regular,1087.0,2731127,0,3444,2023-07-14T13:00:06Z,B3NkoL7Fzns
【SixTONES】最強ご飯のお供を添えて…利き白米!!,Regular,914.0,2305037,0,2739,2023-07-07T13:00:16Z,RRAyow3RNiM
SixTONES – こっから -情熱ブラスバンドver.-,Regular,130.0,830752,0,3369,2023-07-04T13:00:30Z,SYJZBQOp_Rg
【SixTONES】二宮くんとSixTONESの関係!?中丸くんはリップで隠す 笑,Regular,911.0,3516349,0,3099,2023-06-30T13:00:08Z,AcQeaV7LNic
【SixTONES】「㊗️ジャにのとコラボ！」中丸くん熱望企画でアカデミー俳優大活躍!?,Regular,1132.0,5798917,0,4699,2023-06-23T13:00:19Z,GUKxZLyPGQo
SixTONES – Tu-tu-lu [PLAYLIST -SixTONES YouTube Limited Performance- Day.9],Regular,185.0,5668437,0,5645,2023-06-16T13:00:08Z,LlT9Tvc1SwQ
SixTONES – こっから -メイキング × リリックビデオ-,Regular,247.0,3064719,0,3437,2023-06-13T13:00:44Z,q1QYZxBDmhM
SixTONES – こっから ～ FIREWORKS [PLAYLIST -SixTONES YouTube Limited Performance- Day.8],Regular,848.0,2996729,0,3913,2023-06-10T03:00:22Z,oXAmGSH7vYs
SixTONES – こっから -Dance Performance Only ver.-,Regular,210.0,9263362,0,5092,2023-06-02T13:00:33Z,XqsU3JhnSKM
SixTONES – こっから nonSTop digeST,Regular,350.0,1323096,0,4041,2023-05-30T13:00:18Z,ODazdRQY4bI
【SixTONES】史上最高にユルいかも…縄跳び企画だったのだが、とんでもない結末に!?,Regular,974.0,3288763,0,4849,2023-05-26T13:00:03Z,4a8MCicFeCs
【SixTONES】「９マス鬼ごっこ」青ジャージにハズレなし!!,Regular,1192.0,8648793,0,11493,2023-05-19T13:00:24Z,VGbdKZewQ3U
SixTONES – こっから [YouTube ver.],Regular,205.0,148301721,0,121829,2023-05-12T12:00:08Z,yvHfl1JEPc0
【SixTONES】2023運勢ランキング第1位は誰だ？,Regular,1396.0,1456786,0,2542,2023-05-05T13:00:15Z,Q2a6YS0aJdY
SixTONES 8周年記念 生配信LIVE,Regular,3485.0,2671664,0,2417,2023-05-01T20:53:20Z,dyX4eJTCOnM
【SixTONES】占い2023運勢ランキング,Regular,911.0,1374842,0,3040,2023-04-28T13:00:34Z,fwzV5bGr-eY
【SixTONES】ストがスト２やってみたら...カオスに,Regular,1044.0,948174,0,1720,2023-04-21T13:00:33Z,dA1pO4eB-vo
SixTONES – ABARERO -Dance Practice-,Regular,229.0,3554418,0,5826,2023-04-14T13:00:00Z,-SR21DvMSrQ
【SixTONES】スカイツリー顔バレせずに登れるか？〜完結編〜,Regular,1138.0,1195875,0,1893,2023-04-07T13:00:20Z,RT-ITDp34x0
【SixTONES】スカイツリー顔バレせずに登れるか？,Regular,884.0,1529007,0,2171,2023-03-31T13:00:28Z,qPlZw7e7YBE
SixTONES – ABARERO -Dance Performance Only ver.-,Regular,190.0,5297913,0,3434,2023-03-24T13:00:37Z,nUqXk2MMuJM
SixTONES – Documentary of “声” digeST,Regular,601.0,705507,0,1921,2023-03-21T13:00:36Z,fYDOhLCMPTc
【SixTONES】祝29歳❗️こーちの相関図は…意外な人ばかり!?,Regular,871.0,1973869,0,2222,2023-03-17T13:00:15Z,OLax3lOFCj8
SixTONES – ABARERO nonSTop digeST,Regular,412.0,1103003,0,3656,2023-03-14T13:00:23Z,LE9WHmky5c4
【SixTONES】MV撮影の合間に…カメラ回してみた!!,Regular,1761.0,4496852,0,5056,2023-03-10T11:40:40Z,yqk_6iuc8F0
SixTONES - ABARERO [YouTube ver.],Regular,203.0,20176885,0,25931,2023-03-03T13:00:09Z,jEHYWTcIpmg
【SixTONES】桃鉄のラストは衝撃的展開!!,Regular,1739.0,1310768,0,1352,2023-02-24T13:00:20Z,ZWqWuODGHY0
【SixTONES】みんなで桃鉄やってみた〜！,Regular,1866.0,2553359,0,2453,2023-02-17T13:00:28Z,NImREwAvdSg
【SixTONES】京本チャレンジ!?俺って出来る子だから!!,Regular,869.0,3106556,0,4724,2023-02-10T13:00:03Z,4rzm-MZJkV4
【SixTONES】晴れているのに…今日は富士山閉店中!?,Regular,730.0,1195899,0,2002,2023-02-03T13:00:02Z,1gZjH8RA8Mw
【SixTONES】どちらが先に見つけられる？富士山激写ドライブ！,Regular,772.0,1437931,0,2140,2023-01-27T13:00:31Z,cOVUOrm5-B0
【SixTONES】謎解きに挑戦…鍵だらけの部屋から脱出せよ!!,Regular,1321.0,2159853,0,2848,2023-01-20T13:15:56Z,VQu4oNcbJcU
SixTONES 髙地優吾【ソロキャンプ】都内近郊で日帰りだけど,Regular,565.0,1419036,0,7254,2023-01-17T13:00:00Z,a8KDhNntM2A
【SixTONES】メンバー手作り福袋をプレゼントしてみた,Regular,752.0,1659791,0,2107,2023-01-13T13:00:06Z,B1R1etRrmVY
SixTONES – PLAYLIST - SixTONES YouTube Limited Performance - Day.6 & Day.7 Making,Regular,738.0,800139,0,1675,2023-01-10T13:00:30Z,WoHMfc6noh8
SixTONES – Boom-Pow-Wow! -Blue Back Six Shot ver.-,Regular,192.0,11892484,0,4674,2023-01-06T13:00:17Z,HMjJqovfsi8
SixTONES - Chillin’ with you [PLAYLIST -SixTONES YouTube Limited Performance- Day.7],Regular,251.0,7355997,0,4743,2023-01-03T12:30:08Z,zo4AHxCL4VM
SixTONES – 人人人 [PLAYLIST -SixTONES YouTube Limited Performance- Day.6],Regular,330.0,15631975,0,15647,2023-01-01T12:30:08Z,kbIbp2fUVzA
SixTONES - 2023あけおめ- 恒例のリーダーはこいつだジャンケン‼︎,Regular,248.0,1576808,0,5218,2022-12-31T19:34:47Z,PyFd6-s4Ttc
【SixTONES】2022年重大ニュース！初出し情報だらけ!!,Regular,855.0,1734923,0,2398,2022-12-30T13:00:35Z,wd_9qQG3KAk
【SixTONES】メンバーだけで忘年会！プライベートです!!,Regular,757.0,2868206,0,4879,2022-12-29T14:30:08Z,kl0QZ43CdeQ
【SixTONES】クリスマスイブイブにチキン＆ピザ!!,Regular,823.0,1897543,0,2716,2022-12-23T13:01:59Z,gVrUjNQzPNA
"SixTONES - 3rd Album ""声"" nonSTop digeST / 3rd Album ""KOE"" nonSTop digeST",Regular,802.0,2322288,0,2975,2022-12-20T13:00:05Z,Ax3IzhMaDdE
【SixTONES】青春のヴィレヴァンで買い物しりとり,Regular,840.0,1966155,0,2344,2022-12-16T13:00:36Z,uY8U6WDvK_c
【SixTONES】下北沢で朝メシ食おうと散歩したら...,Regular,496.0,1422840,0,2711,2022-12-13T13:00:13Z,FchXkyq_lds
SixTONES - Boom-Pow-Wow! [YouTube ver.],Regular,174.0,28699522,0,14283,2022-12-09T13:00:08Z,s0rjweSQonc
SixTONES – 3rd アルバム「声」初回盤B収録ユニット曲 nonSTop digeST,Regular,292.0,2345882,0,4695,2022-11-29T13:00:34Z,szHnFCRE3mw
【SixTONES】右折禁止で下北沢まで行ってみた！,Regular,908.0,2501084,0,3138,2022-11-25T13:00:12Z,Gcs1UpzjPSo
【SixTONES】慎太郎の相関図も書いたらやっぱり凄かった!!,Regular,794.0,2524137,0,2346,2022-11-18T13:24:01Z,v9RO0bz4jLk
【SixTONES】巨大モグラたたきで遊んだら…えらい盛り上がった,Regular,846.0,2701817,0,3142,2022-11-11T13:00:11Z,L8WAKGoBZho
【SixTONES】新横浜ラーメン博物館で少数派グルメ…京本の悲劇😂,Regular,1127.0,2240658,0,3157,2022-11-04T13:00:31Z,Y0HPj8hZk-Q
SixTONES - Rosy - Dance Practice（Halloween Ver.）,Regular,102.0,1974334,0,7963,2022-10-30T13:00:00Z,aHOOm7rH9DU
【SixTONES】ハロウィーン仮装で…このお化けは誰？,Regular,870.0,2313991,0,4334,2022-10-28T13:04:59Z,JfUHowyvxjk
【SixTONES】ラーメン博物館でラーメン食べずに…最大級かくれんぼ！,Regular,957.0,2465385,0,3432,2022-10-21T13:00:19Z,_UfQrtGybj4
SixTONES - Good Luck!/ふたり nonSTop digeST / Good Luck!/Futari nonSTop digeST,Regular,235.0,940554,0,1472,2022-10-18T13:00:31Z,cRJAB3EX7hc
SixTONES – ふたり [YouTube ver.] / Futari [YouTube ver.],Regular,242.0,25007476,0,16892,2022-10-14T13:00:13Z,kXfNZeyldI0
SixTONES - Good Luck! [YouTube ver.],Regular,148.0,61855998,0,22126,2022-10-07T13:00:09Z,bq2vctuvBGY
【SixTONES】ゆるっと…久々の6人だけで横浜ドライブ!!,Regular,754.0,3514838,0,3721,2022-09-30T13:00:28Z,YAUnH8j-iYc
SixTONES –「WHIP THAT」from LIVE DVD/BD「Feel da CITY」(2022.1.6 YOKOHAMA ARENA),Regular,203.0,23213445,0,8785,2022-09-23T13:00:36Z,o6WRJSGVQuQ
SixTONES –「Feel da CITY」LIVE DVD/Blu-ray 特典映像 digeST,Regular,615.0,1058367,0,2102,2022-09-20T13:00:25Z,u_FiiqpImwo
【SixTONES】きょもの相関図も書いたらとんでもなかった!!,Regular,907.0,3871051,0,2689,2022-09-16T13:00:33Z,hP3nlD1m7L0
SixTONES –「Feel da CITY」LIVE DVD/Blu-ray digeST,Regular,532.0,3340883,0,4351,2022-09-13T13:00:22Z,m0N4MIhe12Q
SixTONES –「Everlasting」from LIVE DVD/BD「Feel da CITY」(2022.1.6 YOKOHAMA ARENA),Regular,210.0,3939512,0,3529,2022-09-09T13:00:10Z,Gy2VGaEg4o4
【SixTONES】きょものトマトキャラ…剥奪の危機!?利きトマト対決!!,Regular,1000.0,2258759,0,3816,2022-09-02T13:00:00Z,aH8pNz5NjXY
SixTONES –「S.I.X」from LIVE DVD/BD「Feel da CITY」(2022.1.6 YOKOHAMA ARENA),Regular,207.0,16948152,0,7991,2022-08-26T13:00:15Z,UTdyW5ybP2E
【SixTONES】当たりすぎて怖い…噂の心理テストをやってみた！,Regular,918.0,3207145,0,3872,2022-08-19T13:00:03Z,2W0Gp2GgwaM
SixTONES - PARTY PEOPLE,Regular,225.0,64837120,0,54672,2022-08-05T13:00:12Z,BB1UOQWxMuI
【SixTONES】ジェシーが相関図書いたら凄いことになった！,Regular,849.0,3199357,0,3618,2022-07-29T13:00:07Z,70z9JMoPojI
【SixTONES】ウソ？ホント？リアクション芝居が上手いのは誰？,Regular,875.0,1653085,0,2466,2022-07-22T13:00:15Z,SoFVKMCDZgg
【SixTONES】最強おにぎりの具を考えてみたら…ワチャワチャした💦,Regular,876.0,3331200,0,4119,2022-07-15T13:03:30Z,iIYXvfNAA4U
【SixTONES】コイツら…俺たちの分身です！自分の代わりに隠せ！,Regular,904.0,1913305,0,3317,2022-07-08T13:00:10Z,AQ2GuBI_hgY
SixTONES【アポなしキャンプ旅】テントサウナで6人だけで整ったら…いい感じになりました編~最終回~,Regular,794.0,1815495,0,3194,2022-07-01T13:00:03Z,3MibhEtGBU4
SixTONES【アポなしキャンプ旅】「エモくて泣けてくる！」焚き火を囲んで過去のYouTubeを振り返る編~07~,Regular,1033.0,2108351,0,3276,2022-06-24T13:00:14Z,BoA8zTPC5Hk
SixTONES【アポなしキャンプ旅】「仲良し6人でBBQしてるだけだから！」美味しいBBQ編~06~,Regular,916.0,3617881,0,5258,2022-06-17T13:00:18Z,ZR8RuEevmJk
SixTONES – シアター [Visualizer] / Theater [Visualizer],Regular,137.0,4008316,0,2206,2022-06-10T13:00:25Z,JwyhXB5z3-Q
SixTONES – オンガク [Visualizer] / Ongaku [Visualizer],Regular,195.0,7645493,0,3415,2022-06-10T13:00:19Z,xOtgr-gpwKc
SixTONES – セピア [Visualizer] / Sepia [Visualizer],Regular,138.0,4452218,0,1815,2022-06-10T13:00:13Z,p0URnZIqu_E
SixTONES – 共鳴 -Brave Marching Band Remix- [Visualizer] / Kyomei -Brave Marching Band Remix-,Regular,186.0,1667165,0,1105,2022-06-10T13:00:06Z,j1kUEU1KBs4
SixTONES – わたし nonSTop digeST  / Watashi nonSTop digeST,Regular,239.0,1833102,0,2279,2022-06-03T13:00:04Z,5WtVmeC_qn8
SixTONES【アポなしキャンプ旅】大空の下で海外お取り寄せゲーム！~05~,Regular,961.0,2564467,0,4614,2022-05-27T13:00:09Z,MatYePecYoc
SixTONES【アポなしキャンプ旅】ようやくキャンプ地到着！~04~,Regular,909.0,2937437,0,4862,2022-05-20T13:00:00Z,aU1eIfO3Cp8
SixTONES – わたし [YouTube ver.] / Watashi [YouTube ver.],Regular,206.0,31952028,0,19656,2022-05-17T13:00:15Z,ha1sXlzixrQ
SixTONES【アポなしキャンプ旅】動物園で全力そりすべり！~03~,Regular,760.0,2199881,0,3968,2022-05-13T13:00:19Z,n1KnuIq5E4s
SixTONES【アポなしキャンプ旅】ガチ交渉！スーパーで買い出しすると…！~02~,Regular,931.0,2801779,0,3888,2022-05-06T13:00:59Z,59e65QP_YaA
SixTONES 結成7周年記念 生配信LIVE,Regular,3713.0,2305267,0,2748,2022-05-02T01:00:07Z,ZlvhiCkuIAw
SixTONES【アポなしキャンプ旅】まずは素敵な朝食から！~01~,Regular,835.0,3920051,0,6618,2022-04-29T13:00:08Z,Aj1eS-xv6_I
SixTONES【妄想組体操!?】名前だけで組体操を予想せよ！,Regular,843.0,3225871,0,5163,2022-04-22T13:00:28Z,zD_YvT5Kfkg
SixTONES【温泉男子】利き足湯で温泉ソムリエに勝つ!?,Regular,750.0,1462071,0,2815,2022-04-15T13:00:27Z,sLkbpMmgWlw
SixTONES【大人気シリーズ！海外お取り寄せ】後輩たちとやってみたら盛り上がった,Regular,945.0,2180592,0,4429,2022-04-08T13:00:05Z,8KhGwEJ7qGY
SixTONES 京本大我【きょものオタ語り】遊戯王編①,Regular,224.0,1027961,0,5584,2022-04-05T13:00:12Z,E6OdauV1W3I
SixTONES【シンプル企画！箱の中身は誰だろな!?】メンバーなら百発百中!!,Regular,756.0,2277271,0,3448,2022-04-01T13:00:09Z,FN7ztEkj_Cs
SixTONES【人狼鬼ごっこってこと!?】灯台下暗しは最強???,Regular,855.0,2765606,0,3919,2022-03-25T13:00:24Z,pY-EW4v0PB4
SixTONES – マスカラ -Emotional Afrobeats Remix- VJ Movie,Regular,186.0,2323374,0,2018,2022-03-22T13:00:14Z,GRJCR5FBN1k
SixTONES【笑ってはいけないナンジャモンジャ】ユルすぎて笑いが止まらない〜,Regular,746.0,2345455,0,4270,2022-03-18T13:00:36Z,zkFRMpmvjo0
SixTONES – PLAYLIST -SixTONES YouTube Limited Performance- Day.4 & Day.5 Making Movie,Regular,1068.0,1132005,0,2117,2022-03-15T13:00:07Z,CCP9jMVf81Y
SixTONES【バブルボール】安定神回企画！海外からお取り寄せ!!,Regular,786.0,3593795,0,5980,2022-03-11T13:00:33Z,pa5ed1B103I
SixTONES - Gum Tape [PLAYLIST -SixTONES YouTube Limited Performance- Day.5],Regular,194.0,14610994,0,8353,2022-03-04T13:00:32Z,aBtZWIxcGFE
SixTONES – 共鳴 [PLAYLIST -SixTONES YouTube Limited Performance- Day.4],Regular,177.0,6221647,0,6157,2022-03-01T13:00:13Z,l2dsivQ4fK0
SixTONES【こたつトーク】ユルッと６人でおしゃべり,Regular,541.0,2316681,0,6194,2022-02-25T13:00:10Z,AcmFWLJApOw
SixTONES – 共鳴 nonSTop digeST,Regular,264.0,1095557,0,2981,2022-02-22T13:00:06Z,AL4BAP8yjBA
SixTONES - FASHION [YouTube ver.],Regular,135.0,15171271,0,11395,2022-02-18T13:00:17Z,Bb3CgOoL2HI
SixTONES【すとらじ2022】あの人気企画が2年ぶりに帰ってきた!!,Regular,831.0,1709398,0,5005,2022-02-11T13:00:11Z,T5PsVLlQi_8
SixTONES – 共鳴 [YouTube ver.],Regular,164.0,14273454,0,12513,2022-02-04T13:00:09Z,juoM5rB0h44
SixTONES【大谷選手の豪速球165キロに挑戦】バッティングセンターで打ってみた！,Regular,860.0,1772346,0,7611,2022-01-28T13:00:05Z,2L-NAMb_Flk
SixTONES【早朝ドライブ】朝日と東京は似合うの知ってた!?,Regular,724.0,3517471,0,5797,2022-01-21T13:22:38Z,uB82YtIIyxo
SixTONES【京本大我VSメンバー】スポーツ5番勝負！俺は運動オンチじゃないぜぇ!!,Regular,902.0,4645416,0,9679,2022-01-14T13:00:16Z,bD2T5Cj9VUE
SixTONES - EPISODE OF THE FIRST TAKE,Regular,318.0,1211460,0,2821,2022-01-07T13:00:04Z,AJwQKnbE6iM
SixTONES – Rosy -Dance Performance Only ver.-,Regular,151.0,6621744,0,4438,2022-01-04T13:00:33Z,whxT1f-0Ioc
SixTONES - 2022あけおめ- リーダーは誰だジャンケン!?,Regular,319.0,1712789,0,4392,2021-12-31T21:45:01Z,_g8fVn05iQE
SixTONES –「Everlasting ~ Good Times -Live with Choir ver.-」 (2ndアルバム「CITY」初回盤A限定特典映像) YouTube限定メイキング,Regular,589.0,1203660,0,3248,2021-12-28T13:00:23Z,xTobZJGteuY
SixTONES「生配信しちゃいます！〜ラジオ・チャリティ・ミュージックソン会場より〜」,Regular,331.0,1164031,0,2182,2021-12-24T13:11:12Z,3dFbQzv2zzU
SixTONES – 2ndアルバム “CITY” nonSTop digeST,Regular,624.0,3524450,0,5347,2021-12-21T13:00:23Z,u4zlFp--bZE
SixTONES – 2ndアルバム「CITY」初回盤B限定ユニット曲 nonSTop digeST,Regular,189.0,2183303,0,5592,2021-12-17T13:00:30Z,UKQ_wSc4Bfk
SixTONES - Rosy [YouTube ver.],Regular,156.0,20541734,0,17458,2021-12-10T13:00:13Z,MiCoGolDDOQ
SixTONES – ヒカキンさんとドライブ – ２年ぶりの運転で緊張！,Regular,925.0,1911386,0,4057,2021-12-07T13:00:19Z,iP3ArypD5Fc
SixTONES - きょも27歳記念のコラボ〜前編〜 - 登録者1000万人YouTuberの家に突撃!!,Regular,928.0,2134285,0,4659,2021-12-03T13:00:03Z,8xkGLRkmSis
SixTONES - 無音ダンス -「マスカラ」今回は踊る!?,Regular,946.0,3750140,0,5528,2021-11-26T14:13:01Z,qAM9lm1yDco
SixTONES -今好きなもの…100個書いてみた！,Regular,854.0,2541176,0,5742,2021-11-19T15:04:44Z,IEUZXsL8i3I
SixTONES -スカイツリーから離れるが勝ち!?ドライブ対決〜FINAL〜,Regular,715.0,1686130,0,2591,2021-11-12T13:00:01Z,aqF7rHb9iNc
SixTONES -スカイツリーから離れるが勝ち!?ドライブ対決〜2/3〜,Regular,831.0,2146008,0,3539,2021-11-05T13:00:03Z,5R8MAvdL5vQ
【SixTONES】スカイツリーから離れるが勝ち!?ドライブ対決〜1/3〜,Regular,819.0,3738686,0,7970,2021-10-29T13:00:18Z,Y2MkwiRWUfw
SixTONES – ダンシングエッグ - 大人気シリーズ「海外から流行をお取り寄せ」,Regular,849.0,2228555,0,10982,2021-10-22T13:00:25Z,RC68KlHBB20
SixTONES – 「Strawberry Breakfast」 from LIVE DVD/Blu-ray「on eST」(2021.06.07 YOKOHAMA ARENA),Regular,187.0,10689621,0,4696,2021-10-15T13:00:24Z,LGHI35Gp0fA
SixTONES -「DOCUMENT “on eST”」digeST from LIVE DVD/Blu-ray 「on eST」通常盤,Regular,678.0,1059908,0,3611,2021-10-12T13:00:15Z,VwICI0sKUlc
SixTONES - 髙地優吾のトリセツ - 誰がこーちを一番知っているの？,Regular,959.0,1691195,0,3960,2021-10-08T13:00:16Z,eOCHJUVD-a4
SixTONES – メンバーによる「on eST」ビジュアルコメンタリーdigeST　from LIVE DVD/Blu-ray「on eST」初回盤,Regular,522.0,1323502,0,3618,2021-10-05T13:00:03Z,7hik_3Nt0gI
SixTONES – 「Special Order」 from LIVE DVD/Blu-ray「on eST」(2021.06.07 YOKOHAMA ARENA),Regular,186.0,39208861,0,15862,2021-10-01T13:00:03Z,6oGcE8wCLF4
SixTONES – 「on eST」LIVE DVD / Blu-ray digeST,Regular,505.0,4809301,0,5251,2021-09-28T13:00:06Z,Bn5ro8hpluI
SixTONES -7 MEN 侍と２年ぶりコラボ！,Regular,887.0,1667071,0,4501,2021-09-24T13:13:58Z,Zi32gN_0C_I
SixTONES – 「ST」 from LIVE DVD/Blu-ray 「on eST」(2021.06.07 YOKOHAMA ARENA),Regular,289.0,11008950,0,10139,2021-09-17T13:00:16Z,e9h-XgQCc-A
SixTONES-キャンプ気分⁉︎テントでお昼寝してみた！,Regular,848.0,3286549,0,4663,2021-09-10T13:00:31Z,ZdHYZlCaOtw
SixTONES - 神回‼︎海外から取り寄せたゲームで遊んでみたら爆笑の連続wwww,Regular,875.0,4105081,0,8335,2021-09-03T13:00:21Z,eA9YPGkc7oE
SixTONES -利きバナナ - 意外に種類があるのよ!!,Regular,857.0,1878952,0,5545,2021-08-27T13:20:19Z,1d9BWW2qJAc
SixTONES – PLAYLIST Making (Day.1-3),Regular,824.0,1249928,0,3896,2021-08-20T13:00:34Z,meS3JyC4N2I
SixTONES – 僕が僕じゃないみたいだ(Dramatic Rearrange) [PLAYLIST - SixTONES YouTube Limited Performance - Day.3],Regular,217.0,7716727,0,8495,2021-08-13T13:00:12Z,RKisALNVx8U
SixTONES – フィギュア [PLAYLIST - SixTONES YouTube Limited Performance - Day.2],Regular,172.0,27918070,0,13883,2021-08-11T13:00:10Z,t5IR4wHShXQ
SixTONES – マスカラ [PLAYLIST – SixTONES YouTube Limited Performance - Day.1],Regular,168.0,8050318,0,8367,2021-08-09T13:00:09Z,6hRZ74gI8EQ
SixTONES - 鏡文字で伝言ゲーム - ジェシー大活躍!?,Regular,807.0,1788938,0,3489,2021-08-06T13:00:32Z,nv9gNmWb5AY
SixTONES - マスカラ (2021.06.27 Live Performance),Regular,155.0,12094467,0,8970,2021-07-30T13:00:23Z,harGngRw8t4
SixTONES – フィギュア　カラオケ（歌割り表示 付き）,Regular,156.0,1484836,0,3682,2021-07-27T13:00:13Z,XMMmnvi4ocM
SixTONES - 巨大トランプで遊んでみた - 26歳で初体験,Regular,859.0,2947670,0,6720,2021-07-23T13:00:01Z,3bXtkQMjbrk
SixTONES – マスカラ　nonSTop digeST,Regular,226.0,2381889,0,7009,2021-07-20T13:00:30Z,d_9AW_Pkos0
SixTONES - ドッキリ！楽しい移動型お化け屋敷!!,Regular,957.0,3017641,0,8250,2021-07-16T13:00:12Z,YwZIktNzqA0
SixTONES – フィギュア [YouTube Ver.],Regular,155.0,11165153,0,16507,2021-07-14T13:00:11Z,LjzyRNX6D3s
SixTONES -『マスカラ』初回盤B特典DVD収録映像 鑑賞会!?,Regular,430.0,1159165,0,4942,2021-07-09T13:00:09Z,JIZyxNDf93U
SixTONES – マスカラ [YouTube Ver.],Regular,151.0,33766250,0,29633,2021-07-08T13:00:14Z,WAvDu9DzcSw
SixTONES – 新曲「マスカラ」紹介ポップ大発表会,Regular,873.0,1186995,0,4681,2021-07-07T13:00:07Z,8kAybsYmphw
SixTONES - ハッシュタグで大喜利に挑戦！- ミラクル慎太郎!!,Regular,917.0,1970965,0,4408,2021-07-02T13:00:04Z,8Z2-hn2K8BA
SixTONES – 謎解き脱出ゲーム –俺たちにも頭脳派はいるんです!?,Regular,787.0,2028608,0,4069,2021-06-25T13:00:21Z,oVUB1_UcohM
SixTONES – 松村北斗のトリセツ – ほっくんを一番知っているのは誰？,Regular,885.0,3643385,0,5868,2021-06-18T13:02:15Z,SCn4CdAOcoc
SixTONES - 大流行のヤードゲーム!? - コーンホールで目指せ日本代表！,Regular,876.0,1927822,0,7742,2021-06-11T13:00:03Z,7DDro3QZgUc
SixTONES - 6周年記念生配信の裏側 - メンバーの本音,Regular,563.0,1046894,0,3738,2021-06-04T13:00:08Z,H8dvV-UuGoI
SixTONES 6周年記念 生配信LIVE,Regular,3179.0,2684774,0,5818,2021-05-31T14:44:49Z,_x3y_2BlwG8
SixTONES -これはガチマジ - 催眠術にかかってみた!!,Regular,1017.0,3775769,0,8146,2021-05-28T13:00:05Z,EdvElyQEKAI
SixTONES Strawberry Breakfast & Lifetime Music Video making,Regular,935.0,1962927,0,10324,2021-05-25T13:00:01Z,3ZqCYvEvjm8
SixTONES -ホメホメ聖徳太子 - 俺はここを褒めてほしいんだよ!?,Regular,843.0,2929902,0,7144,2021-05-21T13:00:36Z,s1xtBpoIOIA
SixTONES - Lifetime,Regular,202.0,14382119,0,21659,2021-05-18T13:00:22Z,UFcPCRH-Ij4
SixTONES -お家かくれんぼ - アイツの隠れた才能が...開花する!?,Regular,886.0,3627681,0,6858,2021-05-14T13:00:31Z,nDEts3j2uRE
SixTONES - Strawberry Breakfast,Regular,191.0,47987667,0,45941,2021-05-11T13:00:01Z,-YP_I9C7i4o
SixTONES - 無音ダンス - 「Imitation Rain」音ナシで踊れる!?,Regular,903.0,5686397,0,6834,2021-05-07T13:00:16Z,ey-dr9Gtgl4
SixTONES – うやむや(Music Video)[セルフイラスト Ver.] 鑑賞会,Regular,952.0,1660217,0,6185,2021-05-04T13:00:05Z,GbasgROWqQE
SixTONES- LIVE配信 - 結成日カウントダウン,Regular,3573.0,2706183,0,5185,2021-04-30T15:47:19Z,sFjvjaWQQ10
SixTONES - ポテトフライ100gバトル - 俺はポテトを食べたいんだ!!,Regular,1011.0,2914988,0,6367,2021-04-30T13:00:31Z,lfjT3-lg6ug
SixTONES - パパラッチゲーム - 激写…撮られるのは誰だ!?,Regular,833.0,2324845,0,5726,2021-04-23T13:00:31Z,s8Y6THJworw
SixTONES -  ASMR!?音を立てずに食リポできるか選手権,Regular,896.0,3589915,0,6544,2021-04-16T13:00:01Z,aA97tTaRUiI
SixTONES - 春の体力測定 - 運動できるのは誰だ!?,Regular,825.0,6848531,0,8436,2021-04-09T13:00:18Z,pAPeqNdZ-eo
SixTONES - 【1年ぶりの有観客コンサート】on eST 札幌公演に密着!!,Regular,752.0,1604232,0,5879,2021-04-02T13:31:18Z,dg0GJTgQESo
SixTONES - 京本大我のトリセツ - 誰がきょもを一番知っているの？,Regular,945.0,3201564,0,8051,2021-03-26T13:15:04Z,l4y9b7TcTI4
SixTONES - 10種類のイチゴから食べたイチゴを当てろ！ - Strawberry Breakfastにちなんで,Regular,863.0,2105218,0,5337,2021-03-19T13:00:35Z,xdck9CQAMrM
SixTONES - 卒業式かるた- 学生時代の話…語ります！,Regular,701.0,1776439,0,4534,2021-03-12T13:00:01Z,-JmDQqaG8mY
SixTONES - お絵描き伝言ゲーム- 画伯は誰だ!?,Regular,729.0,2204049,0,5037,2021-03-05T13:00:09Z,Jfj0S1E4r6Q
SixTONES - 早押しイントロ♫クイズ - 自分たちの曲縛りでやってみた！,Regular,854.0,3357422,0,7793,2021-02-26T13:00:27Z,Y9Kk6opaPs8
SixTONES - ライアーゲーム - 松村北斗W主演映画にちなんで,Regular,776.0,2662134,0,5709,2021-02-19T13:00:37Z,xvSSm9gfUI8
SixTONES - 僕が僕じゃないみたいだ (”Another” Music Video) [YouTube Ver.],Regular,187.0,7207537,0,6099,2021-02-15T14:00:08Z,TU-rHYtfFVE
SixTONES – 僕が僕じゃないみたいだ nonSTop digeST,Regular,265.0,2036755,0,5792,2021-02-12T13:00:00Z,-mWspwJ6AZw
SixTONES – Documentary of 1ST ダイジェスト−,Regular,597.0,1023819,0,4504,2021-02-05T13:00:32Z,pasCGyY8bSI
SixTONES – 僕が僕じゃないみたいだ　MusicVideo メイキング ダイジェスト,Regular,481.0,1017676,0,3800,2021-01-29T13:00:12Z,lGnjXScGlPM
SixTONES - 松村北斗W主演「ライアー×ライアー」メンバーだけで鑑賞会,Regular,440.0,2937637,0,8686,2021-01-24T13:00:06Z,MBc5Wx5B6dw
SixTONES - 僕が僕じゃないみたいだ [YouTube Ver.],Regular,188.0,30141482,0,40056,2021-01-22T13:00:10Z,kk-k23Sf3SE
SixTONES - ST -  (Dance Practice),Regular,192.0,2923229,0,5521,2021-01-15T13:00:33Z,utj0TU382qo
SixTONES - ってあなた  Taiga Kyomoto×Hokuto Matsumura - MV鑑賞会,Regular,447.0,3796932,0,10877,2021-01-10T13:00:14Z,QLraajfH5QI
SixTONES - My Hometown  Yugo Kochi×Shintaro Morimoto - MV鑑賞会,Regular,468.0,1815552,0,6918,2021-01-09T13:00:21Z,VSjxk4CTM-A
SixTONES - EXTRA VIP  Jesse×Juri Tanaka - MV鑑賞会,Regular,412.0,2236550,0,5251,2021-01-08T13:00:13Z,h1mDDQKqXjo
SixTONES - うやむや [YouTube Ver.] (from Album “1ST”),Regular,161.0,30281956,0,34600,2021-01-07T12:00:07Z,ULpea2gu_m0
SixTONES - 新春第2弾！2021年もよろしくお願いします - 6/6,Regular,181.0,631771,0,2133,2021-01-02T10:30:06Z,dsYLQ52_9NE
SixTONES - 新春第2弾！2021年もよろしくお願いします - 5/6,Regular,166.0,419607,0,629,2021-01-02T10:00:09Z,lFNGhC8YVug
SixTONES - 新春第2弾！2021年もよろしくお願いします - 4/6,Regular,251.0,581455,0,1262,2021-01-02T09:30:02Z,tRVBuWeDg4k
SixTONES - 新春第2弾！2021年もよろしくお願いします - 3/6,Regular,96.0,389582,0,665,2021-01-02T09:00:02Z,DI9ge_pi1eM
SixTONES - 新春第2弾！2021年もよろしくお願いします - 2/6,Regular,111.0,423756,0,808,2021-01-02T08:30:01Z,iYHKwOvtC6g
SixTONES - 新春第2弾！2021年もよろしくお願いします - 1/6,Regular,218.0,499557,0,1512,2021-01-02T08:00:04Z,Sa6tSO0dR4s
SixTONES- A Happy New Year!!!!!! - 6/6,Regular,148.0,640655,0,1445,2021-01-01T10:30:02Z,h5tSU0KTtVs
SixTONES- A Happy New Year!!!!!! - 5/6,Regular,139.0,718800,0,1309,2021-01-01T10:00:00Z,1gEsAZgINLU
SixTONES - A Happy New Year!!!!!! - 4/6,Regular,122.0,591113,0,1523,2021-01-01T09:30:01Z,7lw4AHHonXM
SixTONES - A Happy New Year!!!!!! - 3/6,Regular,117.0,746336,0,1699,2021-01-01T09:00:13Z,RxD1R_AK680
SixTONES - A Happy New Year!!!!!! - 2/6,Regular,121.0,611415,0,1420,2021-01-01T08:30:02Z,zjA3zz48TfE
SixTONES - A Happy New Year!!!!!! - 1/6,Regular,225.0,705414,0,2213,2021-01-01T08:00:07Z,A4YGQzv1tJ0
SixTONES - “1ST”メンバーによる全曲解説 - Album introduction,Regular,1200.0,1535999,0,6307,2020-12-25T14:47:47Z,5SRAprzJJ-s
"SixTONES ""1ST"" digeST movie",Regular,665.0,5663190,0,16746,2020-12-18T13:00:15Z,NIi_acq1QmQ
SixTONES -  First play card game- カードゲームで大喜利!?,Regular,645.0,1488479,0,3707,2020-12-11T13:00:08Z,GFAcTtIwlZ0
SixTONES - 緊急ライブ配信 - 6人で語ります！,Regular,3276.0,2287029,0,3694,2020-12-08T14:50:20Z,PLVbiv3Ry4w
SixTONES - ST [YouTube Ver.] (from Album “1ST”),Regular,203.0,13931180,0,23148,2020-12-08T12:00:10Z,aOoJKTSn_cY
"SixTONES-""ST"" MV preview-「MV初鑑賞会」",Regular,654.0,1180174,0,4899,2020-12-04T08:00:19Z,X6pV5wPg3Co
SixTONES - NEW ERA (Lyric Video) [Chinese ver.],Regular,130.0,14894,0,88,2020-12-02T13:00:27Z,g8ap3MOKjtE
SixTONES - NEW ERA (Lyric Video) [Indonesian ver.],Regular,130.0,5633,0,224,2020-12-02T13:00:18Z,uUqIRUxyVOQ
SixTONES - NEW ERA (Lyric Video) [Tagalog ver.],Regular,130.0,2735,0,103,2020-12-02T13:00:17Z,x_LxMavQuKs
SixTONES - NEW ERA (Lyric Video) [Romaji ver.],Regular,130.0,194466,0,512,2020-12-02T13:00:16Z,weGz1c0QeD4
SixTONES - NEW ERA (Lyric Video) [Korean ver.],Regular,130.0,13121,0,63,2020-12-02T13:00:11Z,dNOdCGJNc_Q
SixTONES - NEW ERA (Lyric Video) [Chinese ver.],Regular,130.0,376,0,22,2020-12-02T13:00:11Z,k9Dt8wmfBbE
SixTONES - NEW ERA (Lyric Video) [French ver.],Regular,130.0,627,0,23,2020-12-02T13:00:07Z,PJpeBS8o5zY
SixTONES - NEW ERA (Lyric Video) [English ver.],Regular,130.0,202446,0,466,2020-12-02T13:00:02Z,5zilVniWBhY
SixTONES - NEW ERA (Lyric Video) [Japanese ver.],Regular,130.0,272153,0,514,2020-12-02T13:00:02Z,8ulgye4AfFo
SixTONES - NEW ERA (Lyric Video) [Thai ver.],Regular,130.0,2740,0,41,2020-12-02T13:00:02Z,93km9oEWAWo
SixTONES - NEW ERA (Lyric Video) [Portuguese ver.],Regular,130.0,2465,0,94,2020-12-02T13:00:01Z,2Q5vfDRk6A0
SixTONES - NEW ERA (Lyric Video) [Russian ver.],Regular,130.0,527,0,18,2020-12-02T13:00:01Z,2c_zJzaXevQ
SixTONES - NEW ERA (Lyric Video) [German ver.],Regular,130.0,500,0,16,2020-12-02T13:00:00Z,0_AIhf5trv8
SixTONES - NEW ERA (Lyric Video) [Spanish ver.],Regular,130.0,17032,0,331,2020-12-02T11:00:03Z,BcSKyMtcVeE
SixTONES -  First episode in Johnnys- ジャニーズ入所㊙︎話を語る!?,Regular,1022.0,2352484,0,6105,2020-11-27T10:00:10Z,cX29tH2Eb9M
SixTONES - Flash Quiz - 閃きクイズで松村北斗の覚醒!?,Regular,918.0,2448539,0,3343,2020-11-20T08:00:03Z,BgZxvPeBc68
SixTONES - NEW ERA -(Dance Practice),Regular,253.0,4708316,0,5626,2020-11-13T08:00:00Z,27MNbcLk2x8
SixTONES - NEW ERA game - NEW ERAで揃えましょう!!,Regular,899.0,2574170,0,4655,2020-11-06T08:00:04Z,NxRyXR2LTjw
SixTONES - NAVIGATOR (H ZETTRIO Crossover Rearrange) [VJ Movie],Regular,256.0,2320540,0,5653,2020-11-01T12:00:13Z,fKGvxbHj9lE
SixTONES - 簡単レクリエーションやってみたら超盛り上がった！- Recreation Challenge,Regular,802.0,2513545,0,5076,2020-10-30T08:45:01Z,Sa_-iVJLA3Q
"SixTONES-""NEW ERA"" MV preview-「MV初鑑賞会」",Regular,879.0,1669383,0,5779,2020-10-23T08:00:09Z,OcC62XTG7-s
SixTONES - NEW ERA - [YouTube Ver.],Regular,216.0,32179938,0,42775,2020-10-20T12:00:11Z,UoHzt2sJ0MQ
SixTONES -ライフスタイルを探れ- 長電話って何分？,Regular,746.0,2963860,0,3296,2020-10-16T08:00:00Z,273ON-AJi_A
"SixTONES ＠YouTubeFanFest 2020 ""ImitationRain / JAPONICA STYLE / NEW ERA”",Regular,554.0,10458615,0,19442,2020-10-11T16:00:16Z,k3IVH0nHPG8
SixTONES「NEW WORLD」from 「TrackONE -IMPACT-」(2020.01.07 YOKOHAMA ARENA),Regular,274.0,16228895,0,9716,2020-10-09T08:00:00Z,8W_GSGtyYdc
SixTONES「TrackONE -IMPACT-」ビジュアルコメンタリーのダイジェスト映像(YouTubeオリジナルVer.),Regular,665.0,1670231,0,3461,2020-10-02T08:00:01Z,FKRinx3HT24
"SixTONES「Rough ""xxxxxx"" 2019.11.19 東京国際フォーラム DIGEST」ダイジェスト",Regular,147.0,1417842,0,2627,2020-09-27T08:00:16Z,x1naN_Rg50g
"SixTONES「DOCUMENT Rough ""xxxxxx""～TrackONE -IMPACT-」 ダイジェスト",Regular,219.0,1053269,0,3176,2020-09-26T08:00:08Z,vnagPShJpDw
SixTONES「TrackONE -IMPACT-」LIVE DVD/Blu-ray ダイジェスト,Regular,230.0,3511958,0,6217,2020-09-25T08:45:01Z,hKI6SWJP5_0
SixTONES「Telephone」from LIVE DVD/Blu-ray 「TrackONE -IMPACT-」(2020.01.07 YOKOHAMA ARENA),Regular,251.0,30626567,0,14086,2020-09-18T08:00:06Z,OzbYcxx4LwY
SixTONES -Picture Puzzle -「イラスト足し算」に挑戦！,Regular,837.0,1971959,0,3288,2020-09-11T08:45:01Z,OMn3epnHRpc
SixTONES -ゆるスポーツで簡単エクササイズ！- Easy sports at home,Regular,772.0,2160571,0,4995,2020-09-04T08:30:03Z,UZni_axubjk
SixTONES - Channel open 1st anniversary -１周年記念で 真剣に会議してみた...。,Regular,788.0,2088868,0,6074,2020-08-28T08:00:10Z,kD2AF1c7hCQ
SixTONES - Three Game Match ft. Coupling Tracks - カップリング曲で３番勝負してみた,Regular,864.0,2911157,0,6849,2020-08-21T08:00:16Z,ZG8LwcjD0Ns
SixTONES -【Collab with Travis Japan Part2】Dance SHIRITORI -ダンスしりとり後編,Regular,657.0,2206433,0,3548,2020-08-14T08:00:00Z,amvs5BgyaQw
SixTONES -【Collab with Travis Japan】Alarm Game  -２年振り緊急企画！アラームゲーム後編,Regular,617.0,2392486,0,28503,2020-08-07T08:00:09Z,qcMEMPEgLkg
SixTONES -Wordwolf feat.NAVIGATOR - ワードウルフを真剣にやってみた！,Regular,1018.0,4583854,0,6085,2020-07-31T08:00:02Z,-XYC5u0I9iQ
SixTONES - NAVIGATOR (Lyric Video) [English ver.],Regular,109.0,1341266,0,1871,2020-07-26T06:00:10Z,lmzETi6GsB0
SixTONES - NAVIGATOR (Lyric Video) [German ver.],Regular,109.0,1469,0,44,2020-07-26T06:00:08Z,wJqZnLlLMRE
SixTONES - NAVIGATOR (Lyric Video) [Korean ver.],Regular,109.0,6318,0,85,2020-07-26T06:00:06Z,zOcJKsVtw-s
SixTONES - NAVIGATOR (Lyric Video) [Thai ver.],Regular,109.0,12553,0,116,2020-07-26T06:00:05Z,ZP-xyAyB_w4
SixTONES - NAVIGATOR (Lyric Video) [Tagalog ver.],Regular,109.0,5082,0,262,2020-07-26T06:00:05Z,_Qosj3Lg32M
SixTONES - NAVIGATOR (Lyric Video) [Chinese ver.],Regular,109.0,19666,0,134,2020-07-26T06:00:04Z,JX-tULTrEbg
SixTONES - NAVIGATOR (Lyric Video) [Romaji ver.],Regular,109.0,885180,0,778,2020-07-26T06:00:04Z,eJQOmUJ7jFo
SixTONES - NAVIGATOR (Lyric Video) [Russian ver.],Regular,109.0,1832,0,26,2020-07-26T06:00:01Z,4wr88BZIGjM
SixTONES - NAVIGATOR (Lyric Video) [Indonesian ver.],Regular,109.0,21160,0,487,2020-07-26T06:00:01Z,662xLtVyEvU
SixTONES - NAVIGATOR (Lyric Video) [Chinese ver.],Regular,109.0,845,0,60,2020-07-26T06:00:01Z,6OlgAQ37z_g
SixTONES - NAVIGATOR (Lyric Video) [Japanese ver.],Regular,109.0,1327814,0,1864,2020-07-26T06:00:01Z,DrW38T_v6tI
SixTONES - NAVIGATOR (Lyric Video) [French ver.],Regular,109.0,1471,0,20,2020-07-26T06:00:01Z,H46xKvW6SrM
SixTONES -NAVIGATOR promotion RAP -ラップ作りに密着！,Regular,1140.0,1847815,0,10736,2020-07-25T12:06:55Z,Ltg9VEZ81HU
SixTONES - NAVIGATOR -(Dance Practice),Regular,273.0,9100960,0,10988,2020-07-24T08:00:19Z,z4Y3XQqGC34
SixTONES -Happy Surprise！- 慎太郎へドッキリ！,Regular,1078.0,4776859,0,11736,2020-07-17T08:00:15Z,VqRIjDj1YTY
SixTONES -Write a story- リレー形式で小説書きあげてみた,Regular,1153.0,2967672,0,5459,2020-07-10T08:00:11Z,nuzya8SdCeM
SixTONES - Pass the audition!?-ムチャぶりオーディション,Regular,647.0,3090745,0,5765,2020-07-03T08:00:24Z,kqpcc63Fabw
SixTONES- Jesse English lesson-「日常英会話レッスン」,Regular,613.0,3795344,0,4434,2020-06-26T08:00:13Z,ejcllXwHj2U
SixTONES - NAVIGATOR [YouTube Ver.],Regular,187.0,50831239,0,59060,2020-06-25T12:00:11Z,VUrSsrAnq8M
"SixTONES-""NAVIGATOR"" MV preview-「MV初鑑賞会」",Regular,818.0,2306631,0,8522,2020-06-19T08:00:22Z,pJB8LvYYGN0
SixTONES -Imaginative story- 「ジャニーズキャストで妄想ドラマ」,Regular,837.0,2031065,0,5732,2020-06-12T08:00:10Z,x6qF6Qzi_T4
SixTONES - Improv Talk Battle -「即興トークバトル」リモート版,Regular,1051.0,2420792,0,5754,2020-06-05T08:02:26Z,WeGUVelxA8s
SixTONES -Telepathy Japanese Pun Challenge -「ダジャレで以心伝心」リモート版,Regular,883.0,2255421,0,5412,2020-05-29T08:00:24Z,hipDRgPcp0o
SixTONES -Mr.ZUDON exercise-「Mr.ズドンの超簡単エクササイズ」,Regular,501.0,2911697,0,8032,2020-05-22T08:00:14Z,lcX9zL4h0IM
SixTONES -Online Meeting- 「オンラインで近況報告」,Regular,1045.0,5466200,0,9381,2020-05-15T08:00:15Z,b1SeRLbR-P8
SixTONES- Heartwarming Sports Day「優しい運動会」〜後半戦〜,Regular,771.0,3976120,0,7964,2020-05-08T08:00:12Z,Rsy3qKYOS0g
SixTONES - Telephone(運動会Ver.) ノーカット版,Regular,265.0,6111853,0,9454,2020-05-02T08:00:05Z,Gg1Rj1SkAoc
SixTONES - Heartwarming Sports Day「優しい運動会」〜1/2〜,Regular,760.0,4766769,0,11543,2020-05-01T08:00:00Z,2x6Pc7iEWAM
SixTONES - Drawing Musical「絵かき歌ミュージカル」誕生！,Regular,682.0,1746376,0,5149,2020-04-24T08:00:18Z,uDABbnQvmDw
SixTONES - Dance Game「ダンスジェスチャーゲーム」さらに盛り上がった！,Regular,753.0,3163180,0,5044,2020-04-17T08:30:00Z,0Qw__97VgDo
SixTONES - Telephone(Dance Practice),Regular,253.0,8257620,0,8238,2020-04-15T09:00:21Z,lWuVeBJ18-4
SixTONES - Dance Game「ダンスジェスチャーゲーム」やってみた！,Regular,632.0,4225408,0,5854,2020-04-10T08:00:30Z,pZbZBosdtbg
SixTONES すとらじ Vol.5,Regular,777.0,1882746,0,3383,2020-04-03T10:00:29Z,_id8a_KFqv8
SixTONES すとらじ Vol.4,Regular,895.0,2977935,0,5228,2020-03-27T08:00:10Z,dsPbxGxTJXA
SixTONES - NEW WORLD -自撮りワンカットMV,Regular,261.0,11275029,0,8141,2020-03-20T08:00:18Z,juXD8vr5_r8
SixTONES - MV裏側 - 「NEW WORLD」自撮りワンカット,Regular,376.0,1489854,0,2697,2020-03-20T08:00:06Z,ASlYT_BE39k
SixTONES - Surprise「ドッキリチキンレース 」,Regular,718.0,2846362,0,6387,2020-03-13T13:00:12Z,iSrjkx5ycBo
SixTONES - Harajuku Walk - 原宿散歩してみた,Regular,501.0,2425000,0,5354,2020-03-06T12:00:10Z,QxC80mUBnpQ
"SixTONES - NEW WORLD (FocusCam @ Marine Messe Fukuoka ""TrackONE -IMPACT-"")",Regular,264.0,4485247,0,5846,2020-02-29T08:30:00Z,DTRWcE0hF8Y
SixTONES -Car Karaoke「車でカラオケ歌ってみた」,Regular,897.0,7862901,0,14569,2020-02-28T09:30:01Z,1E_owZueYK8
"SixTONES - Imitation Rain (FocusCam @ Marine Messe Fukuoka ""TrackONE -IMPACT-"")",Regular,330.0,9078255,0,7360,2020-02-21T13:00:01Z,76I8M6WmR-8
SixTONES - Shizuoka Travel Vol.3,Regular,561.0,2280043,0,3877,2020-02-14T13:00:12Z,b1ytqd1_cDA
SixTONES - Shizuoka Travel Vol.2,Regular,557.0,2919012,0,3445,2020-02-07T13:30:01Z,P3xAtVMab2s
SixTONES -CDショップでデビューシングル買ってみた!!,Regular,632.0,2272763,0,4304,2020-02-05T13:15:00Z,c_BDXyp7gl0
SixTONES - Shizuoka Travel Vol.1,Regular,722.0,4572904,0,6173,2020-02-01T02:00:03Z,LolyRrfGkf4
SixTONES - behind the scenes「TrackONE -IMPACT -」コンサート直後 in fukuoka,Regular,108.0,717487,0,1357,2020-01-26T12:00:03Z,N8o1Ow9E0cE
"SixTONES - RAM-PAM-PAM (FocusCam @ Marine Messe Fukuoka ""TrackONE -IMPACT-"")",Regular,220.0,16837643,0,9974,2020-01-26T10:53:40Z,v3n9DSQzTns
SixTONES - behind the scenes「TrackONE -IMPACT -」コンサート直前 in fukuoka,Regular,144.0,692877,0,1336,2020-01-26T07:30:03Z,yPmDnVblnzc
SixTONES -Imitation Rain (特典映像) [未公開],Regular,945.0,8084011,0,4415,2020-01-25T13:00:03Z,JBSq6YpERFY
SixTONES - Imitation Rain「カラオケで歌ってみた!!」,Regular,643.0,6656257,0,10115,2020-01-21T13:00:09Z,j84JKyeIHGk
SixTONES -Imitation Rain (Recording),Regular,477.0,2477581,0,3068,2020-01-18T01:00:03Z,qFQbWJC4nwQ
SixTONES -Imitation Rain (特典映像) [YouTube Ver.],Regular,301.0,2871451,0,2746,2020-01-11T01:00:04Z,Z2xZjAngfes
SixTONES - behind the scenes「TrackONE -IMPACT -」in yokohama,Regular,305.0,1091789,0,2382,2020-01-08T03:30:02Z,szFXoZvxk-s
SixTONES -あけましておめでとうございます 2020,Regular,154.0,751578,0,1753,2020-01-01T01:00:26Z,zhMm8KlJXr0
SixTONES -  Imitation Rain （MVメイキング） [YouTube Ver.],Regular,366.0,3821749,0,3596,2019-12-28T01:00:01Z,X5KjfP8UOSM
SixTONES - Imitation Rain [YouTube Ver.],Regular,185.0,67938821,0,125767,2019-12-24T19:00:06Z,pTh-ncw31ZA
SixTONES - メリークリスマス！,Regular,343.0,1056272,0,2995,2019-12-24T13:00:10Z,kr3ZuqkMEaQ
SixTONES - Kanazawa Travel Vol.3,Regular,421.0,1927480,0,1882,2019-12-21T01:00:05Z,x99R8Iop9tA
"SixTONES -""Imitation Rain"" MV preview",Regular,645.0,1965349,0,5494,2019-12-20T13:00:16Z,e1C6-c56jXQ
SixTONES - Kanazawa Travel Vol.2,Regular,707.0,2834057,0,2618,2019-12-14T05:00:11Z,pP_v88RH7Qc
SixTONES - Kanazawa Travel Vol.1,Regular,707.0,3596626,0,3525,2019-12-07T03:30:01Z,g58loSsI8Rw
SixTONES - Kyoto Drive Vol.3,Regular,467.0,2213219,0,2526,2019-11-30T01:00:02Z,IpwrtLvKViU
SixTONES - Kyoto Drive Vol.2,Regular,523.0,2521285,0,3417,2019-11-23T01:45:00Z,kDFP1_FLpJc
SixTONES - Kyoto Drive Vol.1,Regular,617.0,3101364,0,3871,2019-11-16T01:30:00Z,F-mP-ysKKHM
SixTONES - behind the scenes「Rough“xxxxxx”」in Kanazawa,Regular,399.0,1363872,0,2247,2019-11-09T01:00:08Z,u62Vx6u6exM
SixTONES - 「Rough”XXXXXX”」グッズ紹介,Regular,617.0,2400941,0,2973,2019-11-02T01:00:00Z,5OnEgeHDnWg
SixTONES - Tokyo Drive Vol.2,Regular,643.0,2957641,0,4360,2019-10-26T02:15:00Z,IL6OX1NjzsM
SixTONES - DVD「素顔４」発売記念インタビュー (Talk about upcoming DVD),Regular,892.0,1716232,0,3313,2019-10-25T13:00:12Z,p0xgOc9xmpU
SixTONES - Tokyo Drive  Vol.1,Regular,743.0,3942514,0,4648,2019-10-19T03:30:00Z,QBTlb5Oe1QI
SixTONES RADIO すとらじVol.3,Regular,811.0,1944030,0,5052,2019-10-12T01:00:06Z,xges__ypTwo
SixTONES - behind the scenes「Rough”XXXXXX”」in Kobe,Regular,141.0,819543,0,2466,2019-10-10T08:00:07Z,vDwdbJoxdr8
"SixTONES Dance Tribute to ""GOD BLESS YOU ft. ELECTROOBY"" by ATTA HALILINTAR",Regular,229.0,2708997,0,5671,2019-10-08T13:00:06Z,cqZsq8jknwc
SixTONES Radio すとらじ Vol.2,Regular,748.0,1971129,0,3984,2019-10-05T01:00:00Z,aH8rCEEIrBM
SixTONES Radio すとらじ Vol.1,Regular,789.0,2426675,0,6787,2019-09-28T01:49:08Z,B0SMYeSF0-g
SixTONES - JAPONICA STYLE [English Ver.] (Behind The Scenes),Regular,328.0,2025917,0,3011,2019-09-21T01:00:01Z,6cCjKUMJdzg
SixTONES - Amazing!!!!!! (Dance Practice),Regular,180.0,5204256,0,5088,2019-09-09T13:00:05Z,FFhKEHbEE-Q
"SixTONES - ""JAPONICA STYLE [English Ver.]"" YouTube Premiere",Regular,729.0,1491958,0,3272,2019-09-01T01:00:03Z,ewjcpLN6VII
SixTONES - Thank You for Subscribing!,Regular,114.0,794342,0,3111,2019-08-30T12:00:08Z,bpeVchpt_Ig
"SixTONES - ""Laugh"" In the LIFE (FocusCam @ Osaka-Jo Hall ""CHANGE THE ERA -201ix-"")",Regular,223.0,11708383,0,6889,2019-08-11T12:00:13Z,zjyP7CxUaDs
"SixTONES - Amazing!!!!!! (FocusCam @ Osaka-Jo Hall ""CHANGE THE ERA -201ix-"")",Regular,228.0,4766521,0,4042,2019-08-10T12:00:08Z,Q96r5rqin6g
SixTONES - JAPONICA STYLE [English Ver.] (Lyric Video),Regular,246.0,8875102,0,11469,2019-08-09T13:28:17Z,QB4LWVwDCeg
SixTONES【10万円アポなし旅】１泊2日弾丸バスツアーFINAL！,Regular,866.0,3932569,0,3389,2019-07-26T11:00:03Z,I3UFPY0DAow
SixTONES【10万円アポなし旅】１泊2日弾丸バスツアー第3弾！,Regular,848.0,5274282,0,4166,2019-07-19T11:00:05Z,OopPFZk9LHs
SixTONES【10万円アポなし旅】１泊2日弾丸バスツアー第２弾！,Regular,900.0,10528938,0,7892,2019-07-12T11:00:04Z,O_-ER1JBq4c
SixTONES【10万円アポなし旅】１泊2日弾丸バスツアー第１弾！,Regular,863.0,6874173,0,4781,2019-07-05T11:00:01Z,-FW8JasvkR0
SixTONES【1年ぶりの復活】裸でトーク！秩父ドライブ旅ー5/5,Regular,616.0,3977614,0,3398,2019-06-28T11:00:14Z,qyYclwEAcq4
SixTONES【サプライズ】歌あり踊りありの秩父旅！4/5,Regular,684.0,2586332,0,2983,2019-06-21T11:00:05Z,IcaaFTZNjWs
SixTONES【的を撃ち抜け】第3回！ドライブ企画ー秩父編ー3/5,Regular,1015.0,2872366,0,2896,2019-06-14T11:04:13Z,Mjk4oPd6BpQ
SixTONES【サービスエリアグルメ】第3回！ドライブ企画ー秩父編ー2/5,Regular,729.0,3226581,0,2335,2019-06-07T11:00:05Z,g8s5QjDu0sw
SixTONES【1年ぶりの復活】第3回！ドライブ企画ー秩父編ー1/5,Regular,604.0,5863603,0,5061,2019-05-31T11:00:07Z,ki6-4nUfMTM
SixTONES【夢のグループ誕生】ジャニーズJr.ドラフト会議,Regular,738.0,5801272,0,4511,2019-05-24T11:00:08Z,qqsTyTIH5uY
SixTONES【初連載に潜入】驚きの写真も公開！,Regular,448.0,2571748,0,3682,2019-05-17T11:00:09Z,eCwObShkS8c
SixTONES【一番チキンは誰？】爆笑!!まさかの感覚音痴がいた!?,Regular,549.0,3041184,0,4091,2019-05-10T11:00:06Z,W3xxf0X7Afc
SixTONES【初めての朝活】鹿に囲まれ大ピンチ!?,Regular,517.0,4168039,0,4721,2019-05-03T11:00:14Z,nvDMaBfbrNs
SixTONES【Mr.ズドンがやって来た】みんなで一緒に楽しもう!!,Regular,510.0,11284437,0,14430,2019-04-26T11:00:06Z,ObJ7NI83Lzk
SixTONES【北斗へ報告！】寝起きドッキリでおまけドッキリ！,Regular,344.0,4295491,0,2425,2019-04-26T11:00:04Z,JolMfihN8dY
SixTONES【寝起きドッキリPART2】衝撃の結末…in奈良,Regular,598.0,5849425,0,4524,2019-04-19T11:00:08Z,x1X8jnmVO3c
SixTONES @ KANSAI COLLECTION 2019 S/S | SECRET GUEST LIVE,Regular,1040.0,7244919,0,4248,2019-04-16T11:00:06Z,mrEhP_CqF9A
SixTONES【関コレ2019密着】ドキドキ!初めてのランウェイ!!,Regular,549.0,2445061,0,3672,2019-04-12T11:00:06Z,oIjsffI8vAg
SixTONES【「映画 少年たち」公開記念】曜日横断特別企画！脱出ゲーム,Regular,652.0,1882085,0,2989,2019-03-22T11:00:05Z,_T7xucy6qrI
SixTONES【6人で食事会】1年ぶりで本音告白!!,Regular,662.0,5049603,0,4926,2019-03-15T11:00:02Z,M6bVxduLL90
SixTONES【すとらじ】コンサートについて熱く？語る!!,Regular,637.0,1897263,0,3234,2019-03-08T11:00:00Z,2fLOKxn8GwU
SixTONES【1000円自販機は凄い？】楽しすぎてファンタジー‼︎,Regular,541.0,3742820,0,4234,2019-03-01T11:00:02Z,GJru3oTrNzI
SixTONES【鍋パーティー】二人羽織でカオスな展開に!!,Regular,535.0,3478276,0,3523,2019-02-22T11:00:01Z,BnISjIZM6yE
SixTONES【緊急!京本企画】お絵かきでしりとり!,Regular,674.0,3697511,0,3615,2019-02-15T11:00:04Z,Lz6U1nr22ns
SixTONES @ ジャニーズカウントダウン2018-2019 in 東京ドーム | 「JAPONICA STYLE」,Regular,257.0,18369190,0,12366,2019-02-12T11:00:05Z,gl9RMAubr2Y
SixTONES【TOKYOグルメガイド】下町の味！駄菓子もんじゃ!!,Regular,554.0,3343473,0,3346,2019-02-08T11:00:05Z,_vywZByqAdw
SixTONES【巨大アスレチック】大興奮！運動不足解消！,Regular,517.0,3051533,0,3017,2019-02-01T11:00:15Z,o-Frt5SWuio
SixTONES【表紙撮影の裏側】レモンを持つどころかレモンになっちゃった!?,Regular,489.0,1737572,0,2955,2019-01-25T11:00:04Z,dJWa0LkJ9mk
SixTONES【ラジオ企画】みんなの質問に答えます！,Regular,526.0,1920356,0,3115,2019-01-18T11:00:00Z,2sLRi-hxVAs
SixTONES【未公開映像】「YouTube アーティストプロモ」キャンペーン,Regular,710.0,2156491,0,2556,2019-01-11T11:02:11Z,I0JMf9GQTf0
SixTONES【新春コメント】2019年の目標を大発表!!,Regular,103.0,586774,0,1230,2019-01-04T11:00:13Z,nFdtXthIHyY
SixTONES【YouTube FanFest】舞台裏に密着!!,Regular,531.0,1974324,0,2456,2018-12-28T11:16:19Z,ST3qBy0QCjo
SixTONES【CanCamコラボ企画】迷？名？カメラマン誕生！,Regular,580.0,2405040,0,3094,2018-12-21T11:00:03Z,J3k9POS_vI8
SixTONES @ YouTube FanFest Music JAPAN 2018 | 「JAPONICA STYLE」「IN THE STORM」「Amazing!!!!!!」,Regular,1280.0,9733764,0,9324,2018-12-11T14:54:16Z,ZOueu971KUE
SixTONES【和を体験】鎧兜を着てみた！,Regular,552.0,1457104,0,2422,2018-12-07T11:00:01Z,abW1qA686fc
SixTONES「IN THE STORM」(「ジャニーズJr.祭り2018」単独LIVE in 横浜アリーナ),Regular,200.0,6788512,0,4750,2018-12-04T11:00:00Z,16OTiSeS5t0
SixTONES【ラジオ企画】「すとーんずのらじお」～いない人について本音語る～,Regular,574.0,3425896,0,2639,2018-11-30T11:00:17Z,xohJnU1vUxk
SixTONES【ダンス動画】JAPONICA STYLE (dance ver.),Regular,228.0,9319986,0,8565,2018-11-23T11:00:02Z,GgU4ApXSaTc
SixTONES【すとーんずのらじお】公開ライブ配信 from YouTube Space Tokyo,Regular,5039.0,4608448,0,4374,2018-11-16T12:23:26Z,gDEVMkdBqzk
SixTONES【密着】「JAPONICA STYLE」MV撮影の裏側見せます！,Regular,651.0,2252582,0,2660,2018-11-09T11:00:03Z,MAnu-z_Lmo0
SixTONES : ジャニーズをデジタルに放つ新世代。,Regular,65.0,9307343,0,2906,2018-11-05T03:00:57Z,d2Az0QfVMsY
SixTONES - JAPONICA STYLE,Regular,253.0,42969180,0,52635,2018-11-05T01:00:00Z,DBRSulH8qpM
SixTONES【ドッキリ!?】YouTubeキャンペーンに選ばれた説（オマケ映像つき）,Regular,620.0,3649692,0,8828,2018-11-02T11:00:28Z,ljclG4xMfwE
SixTONES【さらなるカオス！】YouTubeでラジオ番組やってみた！,Regular,585.0,2437205,0,2439,2018-10-26T11:00:08Z,KxtzNpQ5ycs
SixTONES【カオス】YouTubeでラジオ番組やってみた！,Regular,649.0,3293208,0,9146,2018-10-19T11:00:03Z,F1AwbmxcPTw
SixTONES【メガネ男子萌え】超個性派メガネでお洒落せよ！,Regular,416.0,1586949,0,1978,2018-10-12T11:00:06Z,f1avanBIbyY
SixTONES【KYゲーム】空気が読めないのは誰だ！,Regular,795.0,5272716,0,4086,2018-10-05T11:00:05Z,YqEMYT1BHEU
SixTONES【新たなる音楽性？】芸術の秋…世界のおもしろ楽器に挑戦！,Regular,459.0,1384222,0,1669,2018-09-28T11:00:06Z,PXG2YEt6KL0
SixTONES【ランニングアート】走った軌跡でアートを描く ！,Regular,484.0,1541250,0,1847,2018-09-21T11:00:04Z,LrA0gOpET6s
SixTONES【舞台裏密着】「Summer Paradise 2018」コンサートの裏側見せちゃいます！,Regular,571.0,2386564,0,2806,2018-09-14T11:00:06Z,QYvkSMNFcxM
SixTONES「この星のHIKARI」(Summer Paradise 2018 in TOKYO DOME CITY HALL),Regular,184.0,7742832,0,5236,2018-09-11T11:00:01Z,a9rtFQO1Al0
SixTONES【Summer Paradise 2018】リハーサル大公開！,Regular,379.0,2354073,0,1730,2018-09-07T11:00:00Z,4njgbEPn_XU
SixTONES【グループ名変更？】ドッキリに予想外のリアクション⁉︎,Regular,428.0,3367435,0,2785,2018-08-31T11:00:08Z,MR85p56Yo9U
SixTONES - JAPONICA STYLE (Recording),Regular,231.0,5098748,0,8898,2018-08-17T11:00:04Z,IjXsWjCXsYk
SixTONES【レコーディング】裏側編,Regular,412.0,6731979,0,3699,2018-08-17T11:00:03Z,OcrPsdIa_p0
SixTONES【天然ホタルを探して】ドライブ旅奥多摩編最終回！,Regular,270.0,1494072,0,2961,2018-08-10T11:00:08Z,jhLxOyCGWZo
SixTONES「Amazing!!!!!!」（「ジャニーズJr.祭り 2018」単独LIVE in 横浜アリーナ）,Regular,244.0,16255200,0,12138,2018-08-07T11:00:05Z,FjdUS9c_sAo
SixTONES【ドライブ旅】奥多摩編BBQ & サプライズ！,Regular,598.0,3265551,0,3680,2018-08-03T11:00:02Z,PGzLEwHs6w4
SixTONES【ドライブ旅】第２弾！寄り道＆カオス満載、奥多摩行き！,Regular,555.0,3083226,0,2205,2018-07-27T11:00:04Z,J1Z-7oP-4Cg
SixTONES【激ムズ名前当て】in 沖縄！,Regular,603.0,1473867,0,1053,2018-07-20T11:00:08Z,s5f3Cmlk_W4
SixTONES【超大盛りグルメ】in 沖縄定食屋さん,Regular,501.0,3742976,0,1909,2018-07-13T11:00:03Z,NKnpqa3pPp4
SixTONES【寝起きドッキリ】人生初体験にハプニング発生！in沖縄,Regular,436.0,6575552,0,3959,2018-07-06T11:00:07Z,lQOJ7H6twcg
SixTONES【Myojoの裏側公開】in沖縄！,Regular,391.0,2716882,0,2831,2018-06-29T11:00:01Z,76wHJUr00uc
SixTONES【怪談】1番のビビリは誰？怖い話とプチドッキリで検証,Regular,516.0,2795369,0,2667,2018-06-22T11:00:03Z,B_c1_McU2go
SixTONES【石巡りツアー】後編 一番の強運は誰？,Regular,498.0,1086173,0,976,2018-06-15T11:00:06Z,ocwdbk9f2Ww
SixTONES【石巡りツアー】前編 10億円超え!? お宝隕石が登場！,Regular,549.0,1108348,0,1291,2018-06-08T11:00:05Z,S56-E3Bb-vc
SixTONES【血液検査】遂にジェシーの血液型が明らかに!!,Regular,323.0,3091393,0,1713,2018-06-01T11:00:04Z,pcLtT_QxJ_M
SixTONES しゃべりません。【無音動画】に挑戦！,Regular,321.0,1711600,0,2683,2018-05-25T11:00:40Z,9atOQAYbPvY
SixTONES【クイズ！森本慎太郎】自由すぎるMCにメンバー大混乱!?,Regular,447.0,2281773,0,1799,2018-05-18T11:00:04Z,PsJE0-30FPc
SixTONES【室内スカイダイビング体験】メンバー全員大苦戦!?,Regular,560.0,1709432,0,1222,2018-05-11T11:00:06Z,WYizPPBpV1M
SixTONES【ドライブ旅】全員で越谷へ！想定外の渋滞に…。,Regular,429.0,3395603,0,2417,2018-05-04T11:00:03Z,XhWYLSUrTX0
SixTONES 早泣き選手権,Regular,569.0,1715398,0,1941,2018-04-27T11:00:00Z,1vBiCcg7CNU
SixTONES １対１のサシトーク【不仲の噂】京本大我×松村北斗 本当に仲が悪いのか検証してみた,Regular,650.0,4734963,0,5808,2018-04-20T11:00:02Z,JRMDbH5xJtw
SixTONES 英語で自己紹介に挑戦！【ジェシー先生のレッスン付き】,Regular,747.0,2965073,0,2454,2018-04-13T11:00:05Z,ts2ZnlzlxsM
SixTONES【緊急企画】ロナウジーニョさんに突撃インタビュー！,Regular,448.0,724483,0,1688,2018-04-06T11:00:04Z,jE0cqiOirWg
SixTONES「Jungle」（「ジャニーズJr.祭り 2018」単独LIVE in 横浜アリーナ）,Regular,233.0,13369412,0,16049,2018-04-03T11:00:03Z,w9YcY0Hg5nQ
SixTONES 単独公演 in 横浜アリーナの舞台ウラ見せます！,Regular,646.0,2553700,0,3160,2018-03-30T11:00:51Z,LtDxmkhE-xs
SixTONESは本当に仲が良いのか？以心伝心ゲームで検証！,Regular,624.0,3642686,0,3538,2018-03-23T11:00:03Z,KCZiHEWPfFU
SixTONES、半年ぶりの食事会＆企画会議,Regular,311.0,2237471,0,4451,2018-03-20T15:59:32Z,syc3xGNeUVg
SixTONES 3月21日オープンに向けて心境は…？,Regular,63.0,1194134,0,2461,2018-03-16T11:00:01Z,Mi2vfrhIXbo
